camp.j.description_bb0ba	1c2d5a0c	「我用我的作品檢視世界的核心——而那核心一碰就碎，脆弱得令人痛心。」艾維特‧克萊姆在她最常被引用的一場訪談中這麼說。如今，她把善於發現破碎與正在破碎之物的眼光，轉向全宇宙最熱門的投資市場。憑著數十年來被公認為同世代最偉大紀錄片導演之一的聲望，她將靠一筆種子基金、一台攝影機和人生中的一週，揭露嬰兒交易的真相。這是超凡脫俗嗎？這是邪惡至極嗎？還是它只是揭露了我們身為有感知生物始終共有的本性？根據她拍下的影像，半人馬影展的觀眾很快就會有定論……
camp.j.intro.1_9bd16	313f8275	「我用我的作品檢視世界的核心——而那核心一碰就碎，脆弱得令人痛心。」
camp.j.intro.2_535d4	e1ec9e9d	艾維特‧克萊姆在她最常被引用的一場訪談中這麼說。如今，她把善於發現破碎與正在破碎之物的眼光，轉向全宇宙最熱門的投資市場。
camp.j.intro.3_03d91	d567c907	憑著數十年來被公認為同世代最偉大紀錄片導演之一的聲望，她將靠一筆種子基金、一台攝影機和人生中的一週，揭露嬰兒交易的真相。
camp.j.intro.4_c9d67	9c4e8990	這是超凡脫俗嗎？這是邪惡至極嗎？還是它只是揭露了我們身為有感知生物始終共有的本性？
camp.j.intro.5_9aa1a	78d7bf9b	根據她拍下的影像，半人馬影展的觀眾很快就會有定論……
camp.j.bronze_06e06	92b62e66	半人馬影展全場一致起立，為艾維特‧克萊姆的紀錄片鼓掌整整 18 分鐘——卻讓她氣炸了。這不是真相。這只是一小堆整整齊齊的情緒，讓觀眾覺得，坐在軟墊座椅上有點反應就足以改變世界，因而心滿意足……
camp.j.bronze.title_c4bc4	3075fb12	影展寵兒
camp.j.silver_6059f	bc8a241b	放映廳裡一片死寂……接著，一聲孤零零的笑聲劃破全場。半人馬影展的觀眾齊齊轉頭，想看看是誰打斷了放映，卻發現那人竟是導演本人，笑得停不下來。艾維特‧克萊姆這一季不會拿到任何獎項——那些獎，不要也罷！她帶走的是更深刻的獎賞：知道自己逼著觀眾，在嬰兒市場這面鏡子前面對了自己。
camp.j.silver.title_75e2d	c9c37a39	尷尬的沉默
camp.j.gold_69af7	456be7cb	她的紀錄片在半人馬影展放映後引發暴動（她隨後因危害國家的罪名被捕），13 小時後，艾維特‧克萊姆被判入獄……卻咧嘴笑了。至今仍有人試圖銷毀她洩漏到全像網路上的影像，但終究是徒勞。她說出了真相。全宇宙的生物都看見了。即使被關在鐵窗後，她也是自由的。
camp.j.gold.title_7250c	308b54dc	公敵
camp.j.short.descript_67d3a	c4aae8cf	艾維特‧克萊姆是追尋「無可否認的真相」的紀錄片導演，她要揭露嬰兒交易的真實面貌。
camp.avett.news1_9109a	b74e672b	在赫斯特集團的媒體成長補助挹注下，半人馬影展預計將辦成近年來規模最大的一屆。
camp.avett.news2_22935	9e195fa1	緊急召回消息：所有瑟里昂貓須立即退回給製造商。
camp.avett.news3_702e6	f97a9df9	接下來，夏普無限的經濟研究暨創新主管，將為我們說明嬰兒交易如何替其他市場開啟了機會。
camp.avett.news4_27ed9	b1d4bf7b	與虛空國會的和談今天破裂，為這場如今已持續 80 年的衝突掀開新的一章。
camp.avett.news5_7e9cf	9cd56379	我很興奮地宣布，在今年半人馬影展開幕前，我們獨家專訪到赫赫有名的紀錄片導演艾維特‧克萊姆。
camp.j.update.1_53cf3	50764caf	你的行程很緊。每個星球只能造訪一次。
camp.g.descript_8c159	72ac507a	本來就已經很難維持生計，而在全球疫情、貿易戰和物資短缺重創銀河各地的星球之後，光是保住頭上這片屋頂，就像在爬山。身為從塞夸盧克斯逃出來的遊民，博理應是「幸運兒」之一。現在，付房租和買菜只能二選一，博只好投資嬰兒市場，盼著好運能撐下去。
camp.g.intro.1_76967	22491381	本來就已經很難維持生計，而在全球疫情、貿易戰和物資短缺重創銀河各地的星球之後，光是保住頭上這片屋頂，就像在爬山。
camp.g.intro.2_ecff2	e565155c	身為從塞夸盧克斯逃出來的遊民，博理應是「幸運兒」之一。
camp.g.intro.3_3fd1b	5d4875a3	現在，付房租和買菜只能二選一，博只好投資嬰兒市場，盼著好運能撐下去。
camp.g.bronze_1706b	2ed550c5	隔著點了蠟燭的餐桌，望著女友的七隻眼睛，博很累，卻很快樂。賺到的信用點夠付房租——還夠和心愛的外星人吃一頓驚喜晚餐。這就是生活。\n這樣就夠了。
camp.g.bronze.title_e5c96	c00a4d57	燭光晚餐
camp.g.silver_4884d	848cf9a5	博把獲利從市場領出來，又付得起一個月的房租——還生平第一次開了個小小的儲蓄帳戶。博知道自己可能再也沒辦法往帳戶裡多存任何信用點，也認為這沒什麼特別要緊。\n這是一種抱持希望的舉動。
camp.g.silver.title_89e83	308cd107	存單
camp.g.gold_f1b0e	6449eaf1	生平第一次安全無虞，博卻覺得不自在。坐立難安。博辦了一份平價的健康保險，有合理而客觀的證據顯示自己看得到明天，並思索著，少了隨時可能被抹除的威脅，日子該怎麼過。
camp.g.gold.title_be0ce	ca730db0	保單
camp.g.short.descript_2f50f	f6babc80	付房租或買菜只能二選一，博把最後的信用點投入市場，盼著一切順利。
camp.bho.news1_746ef	80679fef	小喬伊持續他反對器官交易的聖戰，又發起一場抗議——這次封鎖了交通要道。
camp.bho.news2_5ca6d	18022c50	最新的青少年風潮？接入大型主機——一種後果致命的新趨勢。
camp.bho.news3_b1916	4c171eb3	一項新研究顯示，乘霧族在高潮的那一刻眨眼三次，對出生率有正面影響。至於是怎麼發現的，參與研究的科學家一概拒絕回答。
camp.bho.news4_00e0e	bf1155bd	札布拉克薩斯-14 這個週末明令禁止公園，對免費的公共空間採取了令人震驚又必要的反對立場。
camp.h.descript_3c875	75bdda36	福茲不怕坐牢。規律的三餐、頭上有片屋頂，還有一小時的固定運動？以他這把年紀，想繼續擁有這些，唯一的指望就是監獄。不幸的是，他在放風場的輪盤賭上一路慘輸，欠了一群非常可怕的人一大筆信用點，他的家也因此隨時可能變成刑場。他越獄了，明知自己正好 8 天後就會被抓回去，從高利貸那裡能借多少就借多少，並下定決心賺夠錢，買回自己的命。
camp.h.intro.1_6f267	f3d7358c	福茲不怕坐牢。規律的三餐、頭上有片屋頂，還有一小時的固定運動？以他這把年紀，想繼續擁有這些，唯一的指望就是監獄。
camp.h.intro.2_b338c	a8791cd7	不幸的是，他在放風場的輪盤賭上一路慘輸，欠了一群非常可怕的人一大筆信用點，他的家也因此隨時可能變成刑場。
camp.h.intro.3_5c95e	bc935c9d	他越獄了，明知自己正好 8 天後就會被抓回去，從高利貸那裡能借多少就借多少，並下定決心賺夠錢，買回自己的命。
camp.h.bronze_43bbd	4012c78f	冰霜巨人兄弟會的副手不情願地重新核對福茲帳戶上的數字。欠的每一個信用點都在，一個不少——連利息都算進去了。他下令把福茲送回放風場，當一行人走出來，來到監獄穹頂灰色的燈光下，福茲深深地、悄悄地鬆了一口氣。\n他又成了自由之身。
camp.h.bronze.title_3729b	0f9ade75	信用點
camp.h.silver_b09bd	79beb9ff	一個柔軟的枕頭。一台跨銀河收音機。一副不是用衛生紙做的西洋棋……儘管福茲很珍惜自己在鐵窗後的生活，這些外面世界的小奢侈，卻是他以前一直視為理所當然的。現在，多虧他在嬰兒市場上的巨大成功，他能還清債務，讓他那間電漿強化的牢房舒服一點，然後安頓下來，準備長期待下去。
camp.h.silver.title_77d6c	5675f954	收音機
camp.h.gold_5901b	3c97d0f5	還清債務後，福茲開開心心地回到鐵窗生活的規律與屈辱之中。不過，出現了一個小小的麻煩：所有囚犯都會自動分配到與收入水準相稱的辯護律師。福茲時來運轉之後，被指派來辦他案子的團隊，幾天之內就讓他出獄了。\n他站在監獄大門外，穿著單薄的外套瑟瑟發抖，自由了……但他現在該怎麼辦？
camp.h.gold.title_b7516	506cd195	大牢開門
camp.h.short.descript_e4a91	ad0eb58e	八天。福茲只有這麼多時間，之後獄警改造人就會把他拖回那座將成為他墳墓的監獄。
camp.fulds.news1_d8552	45dd688c	艾爾特里星區今天發生越獄。獄警改造人正在追捕逃犯，也提醒鄰近星系的旅客，不要與身高不到 5 呎 3 吋的人類接觸。
camp.fulds.news2_22adc	7043dafa	一項新研究宣稱，嬰兒市場的交易介面並不準確——而且對「不公義」勢力的反抗，遠比交易員被誤導以為的還要常見。詳情請收看 4 點新聞。
camp.fulds.news3_a6fa3	2f319410	點你經紀那位惡名昭彰的經紀人溫比爾，他的一名前客戶今天透露，儘管演過好幾個爆紅的角色，溫比爾那些高風險的投資策略，還是讓她「一毛不剩」。
camp.fulds.news4_901ef	06c13cde	這個週末又發現一處埋有人類遺骸的集體墓穴。有興趣的買家，可在下一個月球週期參加這些物品的拍賣。
camp.fulds.news5_bb16b	c945ea2c	小紳士愛德華在最近一次竊盜之後，被禁止進入所有晚宴、遊樂園和博物館開幕式。
camp.f.descript_55da6	def889a7	殿下想在昆圖斯-9 那片沒有空氣的遼闊大地上，跟機甲龍比武。殿下想辦一場奢華到足以形成黑洞的派對。殿下想要一匹肉做的小馬，通體全紅，同時又通體全藍。如今，嗚呼查理想參與嬰兒市場，而身為他的忠僕，格羅布‧歐克又一次得讓殿下的心血來潮成真。雖然王子承諾，只要格羅布‧歐克賺到足夠的利潤，就讓他有一天不必做任何差事，但他已不再奢望更好的生活。格羅布明白，比痛苦更糟的只有希望。
camp.f.intro.1_273ff	5478a1f6	殿下想在昆圖斯-9 那片沒有空氣的遼闊大地上，跟機甲龍比武。殿下想辦一場奢華到足以形成黑洞的派對。
camp.f.intro.2_8af90	647969e1	殿下想要一匹肉做的小馬，通體全紅，同時又通體全藍。
camp.f.intro.3_b9497	d867248b	如今，嗚呼查理想參與嬰兒市場，而身為他的忠僕，格羅布‧歐克又一次得讓殿下的心血來潮成真。
camp.f.intro.4_d2e83	a25a9ed4	雖然王子承諾，只要格羅布‧歐克賺到足夠的利潤，就讓他有一天不必做任何差事，但他已不再奢望更好的生活。
camp.f.intro.5_b6303	b38fa043	格羅布明白，比痛苦更糟的只有希望。
camp.f.bronze_9cd2e	d3a579fa	格羅布‧歐克用拿到的資金小賺一筆之後，被命令捐一座滑板公園、醫院、圖書館三合一的建築給當地一所大學。要弄清楚怎麼蓋出這種建築，是個有趣的任務，但格羅布也只能認命。承諾給他的休息，永遠不會到來。
camp.f.bronze.title_32130	be72b6f2	殿下的大學
camp.f.silver_eb94e	8ba17bc0	好消息是，格羅布‧歐克超出了嗚呼查理的預期。壞消息是，嗚呼查理把這當成讓父親刮目相看的機會。歷經數月的施工與修改，兩人一起造出一張巨大的黑曜石桌，桌緣圍著一圈「帥爆」的 LED 燈條。查理會一晚又一晚坐在那裡，獨自等著他的父親。而格羅布，當然不准離開他身邊。
camp.f.silver.title_fbc62	9708086d	殿下給爸比的大桌子
camp.f.gold_c7b66	5d7533c4	王子的眼中閃爍著無限的可能。貴為王子中的王子，嗚呼查理能拿這筆龐大的意外之財，謀劃出什麼樣的計畫？事實上，他完全被這些夢想分了心，格羅布‧歐克因此得以悄悄去休王子答應給他的那天假。他走過一座葡萄園，嘗著葡萄，用蕾絲般的手指輕輕搓揉葉片，然後呼吸。有時候，活著真是一件美好的事。
camp.f.gold.title_9a639	ec37416e	安靜的一天
camp.f.short.descript_5a990	a8726056	嗚呼查理是你的老闆。這可不是好事。
camp.grob.news1_bebe2	fce3fbcf	在成功組成工會後，霍爾休的勞工遭軌道上的一門雷射砲誤擊，全數汽化。其他消息，霍爾休的矽礦場鼓勵求職者，踴躍應徵大量新增的職缺。
camp.grob.news2_26041	ee67b670	……「成為我的肉體」這則訊息，最後一次出現時，是同時在 16 個不同頻率上播送，包括軍閥哈提根的艦隊通訊。接下來是天氣！
camp.grob.news3_fbd8c	1e1e9cb2	儘管星際議會核准了一項紓困案，救助受大崩盤影響、槓桿過高的金融公司，數百萬名獨立交易員仍得自己承擔虧損。
camp.grob.news4_74cb8	1716a6de	維爾特星雲今天發生災難，一場星際郵輪公司的廣告宣傳活動，迅速演變成汽油彈與大火……
tilt.desc.charlie.classica_b835d	59b98384	殿下想看血腥競技。你必須到蒙托古典交易。
tilt.desc.charlie.speed_1ba5f	52613936	殿下堅持要和你一起服用渦輪安非他命。市場圖表速度提高 200%。
tilt.desc.charlie.short_89399	701b070e	殿下要找樂子！放空價值加倍，股票庫存上限降低。
tilt.desc.charlie.takemoney_cbada	397cefd7	殿下需要一點銀子。他會還你的，別擔心。
tilt.desc.charlie.givemoney_4905c	82c3dbe6	殿下大方地把他的信託基金配息分了一部分給你。
tilt.desc.charlie.bigmoney_c9331	ba3a3be9	殿下受夠了被人叫「窮小子」。股價和入場費提高 300%。
tilt.desc.charlie.dayoff_31a08	15ba5f45	殿下壓力很大，要靜養一天。今天沒有顧問可用。
tilt.desc.charlie.nobets_abe19	f534a11e	殿下在排毒，你也得跟著排毒。附加賭注停用。
camp.l.description_c0b6c	e49a0103	公民葛藍伯在黃昏小隊裡找到了家人。有目標。被人需要。退伍之後，葛藍伯在這個世界裡漂泊無依，這個世界對這位老兵的問題沒什麼興趣，也沒什麼刺激可以追逐。直到……方法教出現。方法教給了葛藍伯一個社群。方法教不只信奉興奮劑——還規定非用不可。所以現在，葛藍伯在交易坑裡嘶吼、尖叫，以汗水的速度交易，接受主人認為值得的任何懲罰。葛藍伯要證明自己。而且多年來頭一次，或許真的能變得重要。
camp.l.intro.1_ddd1b	64b3e248	公民葛藍伯在黃昏小隊裡找到了家人。
camp.l.intro.2_153dc	fceebf62	那時的葛藍伯有目標。被人需要。退伍之後，葛藍伯在這個世界裡漂泊無依，這個世界對這位老兵的問題沒什麼興趣，也沒什麼刺激可以追逐。
camp.l.intro.3_2bd3f	bbdeb744	直到……方法教出現。
camp.l.intro.4_dfaa5	dc8f71d8	方法教給了葛藍伯一個社群。
camp.l.intro.4b_cd9cc	b0edf0bf	方法教不只信奉興奮劑——還規定非用不可。
camp.l.intro.5_6b75b	cd10df80	所以現在，葛藍伯在交易坑裡嘶吼、尖叫，以汗水的速度交易，接受主人認為值得的任何懲罰。
camp.l.intro.6_a7b32	4b1d305a	葛藍伯要證明自己。而且多年來頭一次，或許真的能變得重要。
camp.l.bronze_823f6	33001ede	一個蛋糕從天花板的洞口降下來——上面寫著公民葛藍伯的名字。交易坑裡的戰友齊聲複誦獻給高收入者的傳統頌詞「萬歲」，公民葛藍伯的心臟怦怦狂跳。嬰兒交易重現不了戰爭的殺戮、美麗與滿足感……但此刻，這樣也沒關係。
camp.l.bronze.title_dd61d	cdf0481b	蛋糕
camp.l.silver_0cae1	023b6c3b	方法教若看重什麼，那就是才能。一場儀式確認公民葛藍伯達成了昇華等級，隨後葛藍伯被安置進一間私人辦公室，牆邊排滿螢幕。嬰兒交易介面擺在格雷波賽事投注單旁邊，投注單旁邊是器官期貨的購買範本，在這個賭博配額的網路裡，公民葛藍伯很快樂，又有了目標。
camp.l.silver.title_a75a0	e324e874	私人辦公室
camp.l.gold_aeb17	22ae159e	最後一筆交易結束時，交易坑爆出一片歡呼。主人掀起面具，露出難得一見的笑容。公民葛藍伯打破了方法教的所有紀錄……卻什麼也感覺不到。公民葛藍伯曾經是毛毛共和國的上尉，用赤裸的爪子奪走過性命——也保護過性命。如今的葛藍伯，又是誰？一個在昏暗地下室裡渾身汗濕、讓一個數字漲上去的怪胎。簡直讓人想哭。
camp.l.gold.title_141bb	5cb28925	無盡吟誦
camp.l.short.descript_f3005	ee11f2a3	自由市場經濟也算是一種戰場，仔細想想的話……
camp.grumble.news1_90b93	b291f173	方法教：是社群，還是邪教？廣告之後，我們將檢視前成員與現任信徒的說法。
camp.grumble.news2_fb407	9fd34d43	福夫總統今天宣布了一項令人振奮的計畫，引述原話：要在「正義復仇之火」中「消滅」他的政敵。
camp.grumble.news3_e8442	91e9e0cf	齊吉注射店創辦人「齊吉」嘉布莉拉‧納普今天被判犯下 300 萬項意圖散布扭曲現實物質的罪行。
camp.grumble.news4_403ca	cef52433	今天下午，一處政治吹哨者營地內再度發現了新的頭部汽化症候群病例，令人遺憾。
camp.grumble.news5_04c28	bf2309cb	……本節目由方法教贊助播出：不只能賺錢，更是一家人。
camp.l.update.1_1c665	50993312	方法教的興奮劑讓你能以不負責任的速度交易。
camp.e.descript_07b82	7a4407c6	霍德爾議員身為委員會主席，試圖監管這個蓬勃發展、快速演變的嬰兒市場，因此依法不得親自參與其中。這時，「無手」威利‧席格就登場了——一名被判過刑的小混混，欠霍德爾一個大人情。這位尊敬的議員不能當嬰兒交易員，但如果按下按鈕的是＊別人＊……嗯。這就是個漏洞。
camp.e.intro.1_4c965	332f28da	霍德爾議員身為委員會主席，試圖監管這個蓬勃發展、快速演變的嬰兒市場，因此依法不得親自參與其中。
camp.e.intro.2_501f6	c5cd847e	……這時，「無手」威利‧席格就登場了——一名被判過刑的小混混，欠霍德爾一個大人情。
camp.e.intro.3_cab17	5af580c4	這位尊敬的議員不能當嬰兒交易員，但如果按下按鈕的是＊別人＊……嗯。\n\n這就是個漏洞。
camp.e.bronze_633d2	f0e190c4	銀行帳戶裡突然冒出數千信用點會引人懷疑，所以這位尊敬的議員改買資產。銀河各地都出現了登記在霍德爾議員名下的豪宅、星艦和月球遊艇。而當他需要對同僚議員施壓時，就簽字把資產送給對方。畢竟，誰能拒絕一份友善的禮物呢？
camp.e.bronze.title_fc5e8	bc9e6a42	豪宅
camp.e.silver_737f0	ca0ccd6c	一次又一次，儘管被指控貪腐、管理不當和濫權，霍德爾議員還是能靠砸錢當選。選票是買不到的，但如果你的選民連有別的選項都沒聽說過……那又有什麼差別？
camp.e.silver.title_58226	fd2df23a	選舉
camp.e.gold_0263d	753a2b75	多年後，霍德爾議員把大量信用點灌進嬰兒交易的遊說團體，因倡議有功，獲得銀河頂尖的嬰兒市場選擇權公司的高階主管職位。儘管得先付出成本，職位表面上權力也比較小，霍德爾仍覺得這筆交易可以接受。政治是暫時的——金錢才是永遠的。
camp.e.gold.title_8f88c	b2fa3ec7	高層辦公室
camp.e.short.descript_96309	ff4385d1	負責監管市場的議員，不能參與同一個市場……還是說，其實可以？
camp.hoddle.news1_c6338	aa7b6f18	孩子登上嬰兒市場的家長，遭到死亡威脅的情況日益增加：你需要知道的事都在這裡。
camp.hoddle.news2_5c304	d6d92b6c	……與天頂象限出土的文明之間的討論仍在持續，星際議會的代表向我們保證，附家具的土地最快本週就能開放購買。
camp.hoddle.news3_9b2c4	d2ebdcf5	被問到監管委員會的新提案是否可能替嬰兒市場再製造一個泡沫時，霍德爾議員回答：「市場修正是無可避免的，維護自由卻不是。後者必須是我的首要考量。」
camp.hoddle.news4_1c074	cc52f613	兇猛的食科學家洞穴今天又吃掉了兩名科學家。與此同時，探索仍在持續。
camp.c.descript_07895	7266e0f9	8% 不夠。儘管霍米特與子嗣的理財規劃師們建立了亮眼而穩定的水準，他們那群以老年人為主的客戶，仍要求從如今經常在新聞上看到的嬰兒交易熱潮中獲利。心煩之下，首席合夥人們指派名聲掃地的新人霍米特‧米斯基，去這個波動劇烈的新市場試水溫——並希望藉此證明，嬰兒交易和米斯基本人都注定失敗。
camp.c.intro.1_5a403	caa2e6a2	8% 不夠。
camp.c.intro.2_f56d0	9fe82389	儘管霍米特與子嗣的理財規劃師們建立了亮眼而穩定的水準，他們那群以老年人為主的客戶，仍要求從如今經常在新聞上看到的嬰兒交易熱潮中獲利。
camp.c.intro.3_a2f29	02e8413c	心煩之下，首席合夥人們指派名聲掃地的新人霍米特‧米斯基，去這個波動劇烈的新市場試水溫——並希望藉此證明，嬰兒交易和米斯基本人都注定失敗。
camp.c.bronze_42253	f2275036	躺在遙遠海灘上一棵生物發光的棕櫚樹下，米斯基反思自己的職涯選擇。可以賠掉數千信用點，工作照樣保得住。也可以賺進數千信用點，結果除了薪水和一趟帶薪假，什麼也沒得到。\n米斯基得到了金融界的人所能擁有的、最好也最糟的東西：穩定而無聊的人生。
camp.c.bronze.title_e18f6	49692efb	棕櫚樹
camp.c.silver_67fbb	cc251250	米斯基在嬰兒市場的表現強到無法否認，卻又沒強到能給這個領域嗓門最大的擁護者一個讓他們滿意的承諾。面對這個難題，霍米特與子嗣的首席合夥人們選了第三條路：沉默。\n作為交換，米斯基拿到一個新頭銜和一輛公司配的懸浮車，並對自己當過嬰兒交易員的那段時間保持沉默……米斯基對此也完全沒意見。
camp.c.silver.title_81bc7	adde67ea	公司配車
camp.c.gold_ad81b	676db124	既無法否認米斯基在嬰兒市場的成功，也無法無視客戶不斷要求進入更危險、獲利更高的領域，霍米特與子嗣的首席合夥人們授予米斯基一間自己的分公司：霍米特高收益投資。\n雖然有數千名客戶把帳戶轉過來，確實令人擔憂，米斯基仍希望這些託付資金的客戶，能因為這份信任得到回報。而……他們確實得到了。\n維持了大約三個月。
camp.c.gold.title_f21c1	1058f757	辦公大樓
camp.c.short.descript_7eb09	e563640d	米斯基的工作，是在保守基金的束縛下，投資一個波動劇烈、瞬息萬變的市場。這份工作，就是受苦。
camp.holmit.news1_ba58f	5d51d3eb	天頂象限各處的流星雨，今天挖出了一個被遺忘的文明，星際議會的代表目前正著手與對方建立聯絡。
camp.holmit.news2_66d53	aa6d7c15	今日政壇：霍德爾議員提議，只准同盟星球的成員參與嬰兒交易，震驚了星際議會。
camp.holmit.news3_5d6dd	d6db732b	……未來幾週，該星區的重力波動預計將增加多達 42%。
camp.holmit.news4_23a8e	17c41ba9	本週，知名財經名嘴吉克‧傑克森再度宣稱，嬰兒交易正走向泡沫。我們來看看其中幾則回應。
camp.d.descript_a9dde	1c362d98	大家都在聊嬰兒市場。嬰兒這個、嬰兒那個——連塔卡‧星光這種名人都在替券商服務打廣告，真是的！所以，先是錯過機甲熱潮，接著又錯過器官交易熱潮，努莉亞準備好迎接下一個大趨勢了。她＊非這麼做不可＊。她拿出房租和積蓄，再把所有家當拿去典當，押下一場不可能輸的賭注：加入一波歷史性的、不會停歇的高價值交易浪潮。
camp.d.intro.1_98466	191ec970	大家都在聊嬰兒市場。嬰兒這個、嬰兒那個——連塔卡‧星光這種名人都在替券商服務打廣告，真是的！
camp.d.intro.2_695bb	8a82ecf4	所以，先是錯過機甲熱潮，接著又錯過器官交易熱潮，努莉亞準備好迎接下一個大趨勢了。\n\n她＊非這麼做不可＊。
camp.d.intro.3_90c62	082ed63c	她拿出房租和積蓄，再把所有家當拿去典當，押下一場不可能輸的賭注：加入一波歷史性的、不會停歇的高價值交易浪潮。
camp.d.bronze_3fc16	20ba8950	有些交易員賠得比努莉亞少，很多人則賠得更多。大崩盤過後，努莉亞加入了一支被遺棄者的車隊，每天都在祈禱自己能在某處、以某種方式重建人生。
camp.d.bronze.title_d6003	4273b2f5	車隊
camp.d.silver_9c232	d524b657	儘管浩劫降臨時她的資金仍押在市場裡，努莉亞還是設法湊出足夠的信用點，把當掉的東西贖了回來。她癱倒在沙發上，在這個還屬於自己的房間裡，身旁是一條她還養得起的古克魚，任由洶湧而來的感激之情帶她入睡。
camp.d.silver.title_a2fab	5685070a	一堆東西
camp.d.gold_1ddbf	e9146438	全像投影機的影像——那是她用稅後獲利唯一買得起的新東西——充滿了她設法保住的公寓。努莉亞想著自己差點賠掉的鉅額資金，陷入恍惚。她本來可能毀掉……一切。\n當嬰兒交易員就是這麼一回事嗎？
camp.d.gold.title_9a524	fb3c55a5	新全像投影機
camp.d.short.descript_29738	c8d1fabe	她錯過「下一個大趨勢」太多次了。努莉亞要歐印了！
camp.nuria.news1_82498	55b882a2	嬰兒股估值突破 400%，前所未見的獲利浪潮已進一步波及另外兩顆星球，也改變了許多熱切交易員的命運。
camp.nuria.news2_fd0e7	a9f4a99d	不懂金融市場怎麼運作？卻還是想參與嬰兒交易熱潮？這家當紅新創公司，只要一個植入物，加上你銀行帳戶的存取權限，就能幫你補足落差。更多內容，將在贊助商訊息之後為您報導。
camp.nuria.news3_904b7	2b794547	多虧電視台實習生尼布利克-贊特的英勇努力，現在已經再清楚不過：加拉克西亞煤炭其實並不能吃。接下來是嬰兒市場的報導！市場持續勢不可擋地攀升。
camp.nuria.news4_c5c9d	cacecf68	嬰兒價格暴跌，市場如今遭遇驚人的跌勢。財經名嘴吉克‧傑克森聲稱早已預見這波「修正」，今天被人發現遭釘上十字架，地點在他位於內圈殖民地的住所外。
camp.nuria.news5_68a49	3cb76486	……其他消息，嬰兒交易員們正死命撐著。儘管已投入數兆信用點，也有紓困的傳聞，嬰兒市場仍持續俯衝，有人稱之為大崩盤。
camp.nuria.news6_6c3d5	92690f99	大崩盤又奪走更多受害者：一個頗具影響力的金融狂熱者兼裸體主義者殖民地，今天在全像串流上直播集體自殺。
camp.a.descript_0ad22	119bd4c3	身為 AOR286-4 的教育行政官，皮克森受夠了為了大我把夢想擱在一旁……而他有個計畫。他把多年的錯誤結果灌進公共資料庫，壓低這顆星球上嬰兒的預估價值。他買下一張交易執照。他賣掉自己擁有的每一件家具。這週結束前，他就要買下一艘船——不成功便成仁。
camp.a.intro.1_142a3	79086f51	身為 AOR286-4 的教育行政官，皮克森受夠了為了大我把夢想擱在一旁……而他有個計畫。
camp.a.intro.2_003cc	1820dd4d	他把多年的錯誤結果灌進公共資料庫，壓低這顆星球上嬰兒的預估價值。他買下一張交易執照。他賣掉自己擁有的每一件家具。
camp.a.intro.3_4ac8d	d5ea1a99	這週結束前，他就要買下一艘船——不成功便成仁。
camp.a.bronze_11c77	13125ca7	比廣告上說的還小。皮克森看著那艘幾乎塞不滿他小客廳的小艇，警笛聲正在逼近。一陣噁心感席捲了他的消化器官。\n這一切……就為了這個。
camp.a.bronze.title_8c18f	7005526a	小艇
camp.a.silver_21bc7	e064d90e	皮克森在剛買下、稍微用過一點的遊艇上被警方拘留，卻露出了微笑。他終於是個船主了。\n這種事，只有船主才會碰上。
camp.a.silver.title_bda14	5e8fec70	遊艇
camp.a.gold_be58d	bf8f0e12	靠著幾筆送對人的賄賂，皮克森躲過了警方的進一步調查，從他那艘繞行軌道的遊樂駁船上，欣賞最新一場天災的景色。他贏了。\n體制運作良好。
camp.a.gold.title_8dfe3	6b7b8db7	遊樂駁船
camp.a.short.descript_bc8b8	94735597	暗中動了手腳之後，皮克森要弄到一艘船——不成功便成仁。
camp.pixem.news1_911a6	c18e622c	金融市場一片震驚，一波新資料顯示，AOR286-4 的嬰兒其實遠遠不如原先認為的值錢。詳情請收看 11 點新聞。
camp.pixem.news2_c2025	5aef500d	休倫-8 的王位繼承人加冕典禮今天延後舉行，原因是有人把不明物質丟進了皇家懸浮艇。
camp.pixem.news3_a46fd	b8a202a1	……其他消息，AOR286-4 的經濟持續受到嬰兒交易投資人的反彈衝擊。全星球的家長都在懇求政府官員重新檢視那批爭議資料的來源。
camp.pixem.news4_ddddb	b5037de9	最新消息：AOR286-4 那批引發爭議的嬰兒估值，已查出源自一包偽造的資料，由一名前教育行政官塞進公共資料來源。官方此刻正在追緝這名元凶。
camp.hometown.update.1_7d1b4	94abccaf	你已選定主要星球。其他市場現已全數鎖定。
camp.redocean.update.1_41579	d26ae247	你可用的星球已被打亂。
camp.quota.explainmoney_7a9ce	474ae62a	你的下一個信用點配額是 {0}，
camp.quota.explainday_68810	0d4ca50e	須於第 {0} 天繳交
camp.quota.success_b697d	7f848b72	你已達成配額。你保有 {0}% 的利潤。
camp.quota.failure_ef799	66013e3d	你未能達成配額。你已被逐出社群。
camp.quota.shuffle_90eda	78c67359	你獲准交易的星球市場清單已變更。
camp.randomconsultants.update.1_80cae	4428c49f	有一批新的顧問進入了市場。
camp.k.description_1598e	a41463d8	Terror23 的眼皮內側刻著一個瞬間。她一輩子都忘不了。她的小弟弟在冰冷的廉價公寓地板上劇烈抽搐，時值 30 年來最嚴重的地磁暴。她的父母——幾個小時前出門去以物易物換燃料——至今還沒回來。就在她拚命不讓弟弟被自己的口水嗆到時，角落那台滋滋作響的攜帶式全像投影機，播報起他們的議員在這一切發生期間人在哪裡：附近小行星上的一座度假村。多年後的現在，她已取得霍德爾議員開設過的每一個銀行帳戶的存取權限。被抓也無所謂。在那之前，她要讓他賠光每一個信用點。
camp.k.intro.1_0b0b3	10ae0388	Terror23 的眼皮內側刻著一個瞬間。她一輩子都忘不了。
camp.k.intro.2_49d43	78d0d5c3	她的小弟弟在冰冷的廉價公寓地板上劇烈抽搐，時值 30 年來最嚴重的地磁暴。她的父母——幾個小時前出門去以物易物換燃料——至今還沒回來。
camp.k.intro.3_57310	83b0b14b	就在她拚命不讓弟弟被自己的口水嗆到時，角落那台滋滋作響的攜帶式全像投影機，播報起他們的議員在這一切發生期間人在哪裡：附近小行星上的一座度假村。
camp.k.intro.4_04dbe	0c97b095	多年後的現在，她已取得霍德爾議員開設過的每一個銀行帳戶的存取權限。
camp.k.intro.5_868eb	fc0a893f	被抓也無所謂。在那之前，她要讓他賠光每一個信用點。
camp.k.bronze _1d468	5225119e	xX_Terror23_Xx 關掉她的駭客終端機，混進人群，躲避正慢慢包圍她那棟公寓大樓的獄警改造人。她成功掏空了霍德爾議員的一個星外帳戶……但這還不夠。他依然有錢。他依然覺得＊安全＊。
camp.k.bronze.title_22365	60fe1054	離岸帳戶
camp.k.silver_8132e	e163b136	每個頻道都在播。Terror23 蹲坐在一個塑膠箱上，端著一碗麥片，在全像投影機的串流之間來回切換，直到找到一段霍德爾議員記者會的特寫，他正針對「潛在的財務失當行為」做出說明。她盯著畫面——終於，看見了她等了好幾年的東西。水珠聚在霍德爾那層水晶般的皮膚邊緣。她朝空中揮了一拳。她真的——真是太美妙了——成功讓那個混蛋流汗了。
camp.k.silver.title_ce61f	0dc3275b	汗水
camp.k.gold_31240	ddb8da27	霍德爾議員成了一件被汙染的貨品——連保住名聲清白的影響力都被奪走了。隨著那些不再懼怕他（也不再受惠於他）的人陸續說出他貪腐的細節，Terror23 往椅背一靠，輕聲念出一句禱詞。弟弟，這是給你的。
camp.k.gold.title_12a27	b03305f7	徹底毀滅
camp.k.short.descript_c5160	01a9ceb1	她駭進了霍德爾議員的銀行帳戶。現在，該把它掏空了。
camp.terror.news1_49769	861ee51f	霍德爾議員今天獲頒終身成就獎，表彰他對星際倫理與穩定所做的努力。
camp.terror.news2_80b0e	31f7b8a6	受羅恩科技最近一次軟體更新影響，內圈殖民地各地的語音盒紛紛故障。
camp.terror.news3_4df34	f6ea8236	一則匿名爆料似乎指出，強力捍衛投資人的霍德爾議員濫用職權謀取私利。以下是我們的專家對他這些精明手段的看法。
camp.k.explainstakes_2ccea	721bf3a2	你被禁止以 x600 的交易量進行交易。
camp.k.explainstakes2_fd7e8	e91b5560	由於可疑活動，你的帳戶已被禁止以 x125 的交易量進行交易。
camp.k.explainloan_270c1	69743c5b	最後一天之前，你不能把帳戶歸零。這必須看起來很自然。
camp.k.explainshort_dec44	71ac7f87	駭進你的交易介面後，你的空單現在速度加倍、價值提升。
camp.b.descript_fdad4	5a0a0a02	溫比爾是不是把客戶的全部收入砸進了一場保險詐騙？是。這位客戶是不是才 11 歲？是。他是不是丟了點你經紀的工作，接著賠光向高利貸借來的錢，再賠光向一個更見不得光的高利貸借來的錢？很遺憾，是。然而，儘管溫比爾有一堆針對不同種族的爭議發言紀錄，也跟全銀河的生意人脈鬧翻了，他同樣明白一條像重力一樣基本的真理：宇宙愛看東山再起的故事。
camp.b.intro.1_e3817	29022f9c	溫比爾是不是把客戶的全部收入砸進了一場保險詐騙？是。這位客戶是不是才 11 歲？是。
camp.b.intro.2_d42f2	86711173	他是不是丟了點你經紀的工作，接著賠光向高利貸借來的錢，再賠光向一個更見不得光的高利貸借來的錢？很遺憾，是。
camp.b.intro.3_d90e4	5800dd39	然而，儘管溫比爾有一堆針對不同種族的爭議發言紀錄，也跟全銀河的生意人脈鬧翻了，他同樣明白一條像重力一樣基本的真理：宇宙愛看東山再起的故事。
camp.b.bronze_c5c85	75154714	你證明了自己的價值，就能留在遊戲裡。一直都是這樣。就算辦公室裡瞪過來的目光特別尖銳，就算他再也不准直接見客戶，在嬰兒市場組出一份成功的投資組合、被點你經紀重新聘回，還是證明了溫比爾一直深信的事：\n好人是壓不倒的。
camp.b.bronze.title_f4ed9	cc1ec2a2	聘用合約
camp.b.silver_7269e	e2efb340	真正的 alpha 會帶領自己的狼群——所以儘管舊東家開出了工作機會，溫比爾還是這麼做了。他開了一間新的經紀公司，名字亮在招牌上，成功的紀錄在整面看板上即時更新。他會下更多注。他會下更大的注！而且他會證明，未來任他利用。
camp.b.silver.title_cc102	f1df0362	經紀公司
camp.b.gold_0f8dd	43bdf249	溫比爾看著如今冠上他名字的產房影像——產房設在對的星球上，擠滿了對的外星人種——笑了。要拿下市場，最好的辦法就是掌控供給的流動；如果從他門口魚貫走過的數百位母親肯退到一旁，讓他做他的事，所有相關的人都會賺進他媽的一大堆錢。
camp.b.gold.title_7fd82	30217ad3	醫院
camp.b.short.descript_6fd15	45673314	溫比爾曾是全銀河童星的經紀人，如今名聲掃地，正在籌備他的復出巡迴。
camp.wenbill.news1_00888	e7184f95	預計太陽輻射將在可預見的未來持續干擾整個達托爾星雲的通訊。
camp.wenbill.news2_959c2	afb342b8	演藝圈傳出震撼消息：一段偷拍影片揭露，點你經紀的一名前經紀人，會拒絕代理他判定屬於「次等」種族的客戶。事件後續發展，我們將持續為您報導。
camp.wenbill.news3_a86ea	093ea950	老潮流又流行回來了：凝膠族青少年重新迷上了啜吸風潮，而這股風潮 16 年前才奪走了那麼多人的性命。
camp.wenbill.news4_bdd69	64f60e90	辛佛斯教團的倖存者陸續站出來談論他們的經歷，以及一名差點毀滅世界的瘋狂器官商人。詳情請收看 5 點新聞。
camp.m.description_dcdec	76ba36bb	接下來發生的一切，都是你的錯。你，只有你，要為你的事業被毀、同儕的憎恨、以及朋友的缺席負責。\n對吧，溫比爾？
camp.m.intro.1_987a1	f5f26abc	接下來發生的一切，都是你的錯。
camp.m.intro.2_94352	38e200ae	你，只有你，要為你的事業被毀、同儕的憎恨、以及朋友的缺席負責。
camp.m.intro.3_f06d7	1f2c602d	對吧，溫比爾？
camp.m.bronze_1ef4e	df14ae31	溫比爾冒著一身冷汗醒來，但這個夢還會回來。\n它總會回來。
camp.m.bronze.title_1032e	f1f7e405	重現的惡夢
camp.m.silver_4ff07	3ea4be74	溫比爾取消了今天所有的通話。他開車到一處俯瞰這座城市——他的城市——的觀景台，雙眼惺忪地望著頭頂的幾顆太陽。惡夢並沒有在他醒來時結束，而他有種奇怪的感覺，它再也不會結束了。
camp.m.silver.title_58b1e	3f04b24f	持續的惡夢
camp.m.gold_31c35	ae333270	溫比爾醒來後第一個想到的，是一位潛在客戶的臉。那很可能是他見過最有才華的孩子。但那孩子是那種人生的。就算成功了，也只是浪費掉那些機會。他告訴自己，這份遠見正是他成為業界頂尖的原因。\n然後夢又開始了。\n喔，天啊。
camp.m.gold.title_e683d	cbd912dc	永恆的惡夢
camp.m.short.descript_3027e	c496cb81	你的名字是溫比爾，而這是你的惡夢。
camp.wenbillnightmare.news1_dde32	5312729c	今日時事：我們 #%$@ 恨死你了，溫比爾！詳情請收看 11 點新聞。
camp.wenbillnightmare.news2_6dfab	297908c8	接下來的節目，我們請到溫比爾最近的三任交往對象，他們將詳細描述他那不及格的身體構造，詳細到令人難受。
camp.wenbillnightmare.news3_a37f6	caef743c	克里奧斯星雲的科學家，10 位裡有 10 位都同意：溫比爾是一坨吸渣滓的 %$#@。
camp.wenbillnightmare.news4_e4e92	eb078fd5	嘿，溫比爾。\n對，就是你。\n你會失去一切，而且無可避免。因為你是個失敗者。
camp.wenbillnightmare.news5_1bb0f	d2d696f4	溫比爾真的像他父親說的那樣，沒骨氣、肥胖又平庸嗎？讓我們一探究竟。
camp.wenbillnightmare.news6_fd426	907144ff	溫比爾今天被發現死在水溝裡，沒有人在乎。沒有人記得他的名字。他對宇宙沒有造成任何影響，一點也沒有。
camp.i.descript_69c2c	13d57f42	夏普無限的信用點不斷流失。他們解散了內部團隊、變賣星際資產，全押在嬰兒市場上，結果發現利潤全被稅金、新法規和劇烈的價值波動吞掉。與其眼睜睜看著自己的公司死於千刀萬剮，億萬富翁執行長溫格雷夫‧夏普決心做最後一搏，力求成功：一勞永逸地解決市場。
camp.i.intro.1_218a2	5bcd3644	夏普無限的信用點不斷流失。他們解散了內部團隊、變賣星際資產，全押在嬰兒市場上，結果發現利潤全被稅金、新法規和劇烈的價值波動吞掉。
camp.i.intro.2_995d1	d69ffda1	與其眼睜睜看著自己的公司死於千刀萬剮，億萬富翁執行長溫格雷夫‧夏普決心做最後一搏，力求成功……
camp.i.intro.3_26538	0680e1f1	……一勞永逸地解決市場。
camp.i.bronze_11977	6e0c7a08	把信用點砸進一家當紅的科技新創公司，替夏普無限換來一台能彙整並解讀大量資料的平板。然而，儘管外表花俏，這台裝置帶來的額外營收，比起他們先前的策略只多了一點點。溫格雷夫看著賺進的數百萬利潤，握緊了爪子，為那些她永遠見不到的數兆怒火中燒。
camp.i.bronze.title_6111c	b7d3df7c	預測平板
camp.i.silver_824e5	5cbb5900	籌不出必要的資金去找出嬰兒市場的致勝公式，溫格雷夫只好退而求其次，用回經典老招：收買政客。靠著一波暗藏選擇性優惠的新法案撐腰，夏普無限保住了優勢地位，留待日後再戰。
camp.i.silver.title_c4db1	7417e181	收買政客
camp.i.gold_82867	5d942d03	真的在時間本身撕開一個洞，讓未來的事件在發生之前就呈現眼前。這個點子簡直瘋了……但也剛好瘋到行得通。有了足夠的資金、足夠的時間和對的科學家，溫格雷夫‧夏普似乎正看著未來。\n而且……好美。\n
camp.i.gold.title_3517e	ecc77bcb	時間之門
camp.i.short.descript_4a1f9	91a14290	把整間公司轉向投資嬰兒市場，信用點卻不斷流失，溫格雷夫‧夏普決定一勞永逸地解決嬰兒交易。
camp.wengrave.news1_ad955	1f9e5b80	傳聞中的大崩盤紓困案未能談妥，夏普無限股價今天暴跌。
camp.wengrave.news2_45c47	891a99d8	生信用點正成為品酒行家之間一種新興的時髦風味。
camp.wengrave.news3_a1e20	606053e9	據報導，羅恩科技在與韋克斯勒集團合併的同時，有意併購陷入困境的紡織公司夏普無限。
camp.wengrave.news4_b0d83	929aa2c3	羅恩科技的販賣機把塑膠束縛帶和各式槍械加進琳瑯滿目的商品裡，獲利比以往任何時候都高。
camp.wengrave.news5_7d843	469281a0	一份讓學者困惑了數百年的古老文獻，最近終於被翻譯出來——結果是一首露骨的情詩。11 點將為您朗讀，敬請收看。
ending.slide1_da3bf	60159d89	夏普女士，我向您呈現我們努力的成果……
ending.slide2_25a82	ffc75e17	未來解算器！
ending.slide3_84032	11103932	有了它，您就能 100% 準確地一窺銀河中任何事物的未來。
ending.slide4_f90d0	c8b11087	您會知道什麼時候該買進、賣出、放空這些嬰兒——每一次都知道。
ending.slide5_88a81	89f5a00d	而且既然我們已經成功造出一次，這項技術就能普及開來！
ending.slide6_0bac1	2b8d834d	我們破解了嬰兒市場！天啊，我們想看什麼都看得到！
ending.slide7_19948	af74750d	不再有投機……不再有＊賭博＊……
ending.slide8_c1b77	bd27d5cf	沒有無止盡、毫無根據的牟取暴利來消耗他們的精力——整個星系都能預見問題，並找出解決辦法。
ending.slide9_01663	aea19910	我們能讓整個宇宙團結在一起！
ending.slide10_7e48d	21fc4347	修好……一切。
ending.slide11_8f057	675163b9	等等，您在做什麼？
ending.slide12_7635a	4c3da844	不要！求求您！
ending.slide13_b5f63	d0d63f61	我們可以讓一切都變得更好——
camp.2.description_b63b7	f69d29c0	死掉的好處，就是不用付房租。儘管被敵對黑幫槍殺，又發現自己無法離開這個存在位面，閉嘴先生卻從沒這麼自由過。再也沒有不計代價討生活的壓力。不用再提心吊膽地回頭張望。不用再維持一段他早已失去興趣的對話。他可以玩玩他的股票，消磨時光……然後終於好好活一次。
camp.2.intro.1_4858b	79161be8	死掉的好處，就是不用付房租。儘管被敵對黑幫槍殺，又發現自己無法離開這個存在位面，閉嘴先生卻從沒這麼自由過。
camp.2.intro.2_abace	4d482183	再也沒有不計代價討生活的壓力。不用再提心吊膽地回頭張望。不用再維持一段他早已失去興趣的對話。他可以玩玩他的股票，消磨時光……然後終於好好活一次。
camp.2.bronze_ed420	e1198105	這週結束時的收益不只是一筆可觀的利潤，更是一個提醒。這一直是閉嘴先生最喜歡這份工作的地方：打理微薄的資源，看著它們成長……望著那一堆信用籌碼，他思索著：要是當初有機會時就跟母親一起逃走，他也許能過上不一樣的人生。他陷入沉思。畢竟，他現在有時間思考了。
camp.2.bronze.title _f7c66	91bc8a2d	一小堆
camp.2.silver_546ee	82354c52	閉嘴先生在嬰兒交易上大獲成功，逼得盧克斯星際——一家他曾經搶過的銀行——不得不在金庫裡為他的收益預留一個位置。看著信用籌碼一天天堆高，他打破了行之有年的規矩，笑了。這週幹得不錯。
camp.2.silver.title_f2c83	d432914f	金庫
camp.2.gold_04ca2	dab8f5c0	閉嘴先生的保管箱裡堆滿信用籌碼，有些面額連他都不知道存在，堆到快要滿出來，逼得銀行只好再開一個。然後再開一個。他不只能繼續做嬰兒交易——只要不需要肉身，他幾乎想做什麼都可以。
camp.2.gold.title_3b56a	382e084d	寶藏
camp.2.short.descript_9906e	bb1bcc6f	閉嘴先生被未了之事的重擔困在這個位面，靠參與嬰兒交易打發時間。
camp.zipit.news1_728bd	082b36de	「腰圍轟鳴」這支後感知電子龐克樂團，正登上全銀河的專輯榜榜首。你的孩子有在聽嗎？我們的報導將於 6 點播出。
camp.zipit.news2_743cf	f1c3f8ae	貝琪黏液替換大賣場正在幫助好幾個象限的全體居民找回最好的自己……或者說，他們希望你這麼以為。
camp.zipit.news3_08d7f	8477bf95	今天是雙日屠殺兩週年。我們哀悼所有在殘酷交火中遭到波及的受害者，無論他們站在法律的哪一邊，並願他們的家人得到平靜。
camp.zipit.news4_f4d49	20e99948	瑞吉爾-9 星系似乎顯現了一位掌管失落貨物的小神明。在當地當局解決問題之前，請旅客避開該區域。
consultant.barkjampus.chatter_4984b	b258b225	我一直在提交客服單，可是都沒人理我……
consultant.barkjampus.chatter_4ad08	4c49837b	你們這些人為什麼要做出這種東西？？？
consultant.barkjampus.chatter_66f9f	e7af1535	他們說我的身體沒了。那、那是什麼意思？
consultant.barkjampus.chatter_a0195	5632353a	這些嬰兒不該遭受這種對待。
consultant.barkjampus.chatter_df5c0	27f8bde2	我只是想點開一則好笑的訊息……
consultant.barkjampus.correct_3ad7a	cc5a34ee	你、你看。我猜對了！
consultant.barkjampus.correct_6537c	cc381d55	看來我猜對了……
consultant.barkjampus.correct_77c41	112d147f	我、我猜對了。我可以走了嗎？
consultant.barkjampus.mightdown_47867	9e6e73ce	為、為什麼我有種不好的預感？
consultant.barkjampus.mightdown_aa049	54ab480b	噢不，我、我感覺到一陣隆隆聲……
consultant.barkjampus.mightdown_e6ff0	f8725ef3	拜託不要跌……
consultant.barkjampus.mightup_226a2	e796618a	它、它可能很快會漲……也可能不會。
consultant.barkjampus.mightup_2c3be	90e5e415	它可能很快會漲……
consultant.barkjampus.mightup_531d0	79265d03	我想……它會漲？也許？
consultant.barkjampus.plateau_e5d15	534095ab	可、可以一直這樣嗎？
consultant.barkjampus.plateau_eb3bc	0868daec	總算……有點穩定了。
consultant.barkjampus.plateau_efcc7	c4257768	穩定了！太好了！！
consultant.barkjampus.stabledown_2687e	954b4d8d	好痛！好痛啊！！！
consultant.barkjampus.stabledown_5f72e	992c0070	它一直燒個不停！！！
consultant.barkjampus.stabledown_a4be4	93893519	啊啊啊啊啊啊啊啊啊啊啊啊！！！
consultant.barkjampus.stableup_27c45	3585ddc9	繼、繼續加油，小傢伙！
consultant.barkjampus.stableup_4a092	8a8f5e25	希、希望它會一直漲下去……
consultant.barkjampus.stableup_85700	88af714e	它一定要繼續漲，對吧？
consultant.barkjampus.willdown_72c99	ed708e37	噢不！噢不！！！
consultant.barkjampus.willdown_f62e3	55861445	不要再來了！
consultant.barkjampus.willup_583b8	93b476ff	它要漲了！一定要啊！！
consultant.barkjampus.willup_7ae11	86fced13	它要漲了！！
consultant.barkjampus.willup_ce470	8ddea4d9	噢，我感覺到了！它要漲了！
consultant.frickinredacted.bigplayergain_79de3	2b98c785	這就對了。全都有回報了。
consultant.frickinredacted.bigplayergain_7acd0	98abaec8	很得意是吧？
consultant.frickinredacted.bigplayergain_bc4df	03ee1c56	瞧瞧你，搖錢樹。
consultant.frickinredacted.bigplayerloss_0ace3	fdce5989	欸，下次再贏回來就是了。
consultant.frickinredacted.bigplayerloss_60e43	a35f9d15	運氣不好。
consultant.frickinredacted.bigplayerloss_b4112	2364ef4c	……這就是我都要先收錢的原因。
consultant.frickinredacted.chatter_cffe2	18a99aec	我還是分不出來，我比較喜歡這個，還是打斷人的腿。
consultant.frickinredacted.chatter_d1552	b1a21469	我們賭的甚至不是他們真正的人生——只是模擬。很瘋吧？
consultant.frickinredacted.chatter_f6ff6	ceebe786	這些小鬼的人生要被 #%$@ 了，對吧？
consultant.frickinredacted.correct_fe88e	e92dcebc	我早說了。
consultant.frickinredacted.correct_dd9cd	fa37e0f0	看吧？就是這樣。
consultant.frickinredacted.correct_3a720	ee3971c3	我說對了。
consultant.frickinredacted.disaster_3fd75	2c79414f	不是我看過最慘的爛攤子……但也差不遠了。
consultant.frickinredacted.disaster_9004f	e2c96e19	這個大概就到此為止了……
consultant.frickinredacted.disaster_f146f	0836d3d1	也許該趁這個垮掉的時候撈一筆，懂我意思吧？
consultant.frickinredacted.mightdown_79235	ea7ab720	我……覺得應該會有一波下跌。
consultant.frickinredacted.mightdown_c9ba1	27e45abf	這個小 @#$% 大概要崩了。
consultant.frickinredacted.mightdown_f8a45	5f34e78f	這小子搞不好會垮掉。
consultant.frickinredacted.mightup_0db51	325f1eff	這小子可能真有料……
consultant.frickinredacted.mightup_9b179	c43f08be	可能會漲……搞不好不錯。
consultant.frickinredacted.mightup_baeaa	fd60f645	看起來一帆風順。
consultant.frickinredacted.plateau_01613	fbe95f68	唉。又是 ^$%@ 平盤。
consultant.frickinredacted.plateau_71508	ce120637	漲啊！跌啊！動一下啊！
consultant.frickinredacted.plateau_aa1e1	ede0fb6d	真不敢相信我得看這種東西。
consultant.frickinredacted.plateau_e4854	2b330379	動起來啊，嬰兒。快點啦。
consultant.frickinredacted.profitevent_3d10d	1bf2553c	哎呀，看那小傢伙衝啊。
consultant.frickinredacted.profitevent_a83e3	bf3ae91e	嘿！小不點表現得不錯。
consultant.frickinredacted.profitevent_fb2f5	958aecfc	不錯嘛。
consultant.frickinredacted.roundover_5cffe	a15d4d5e	好啦。回頭見。
consultant.frickinredacted.roundover_611e8	93e21dfc	總算……我要去伸伸腿了。
consultant.frickinredacted.roundover_783f8	45369e7a	看來我們到此為止了。
consultant.frickinredacted.stabledown_0f758	908fcd3f	@#$%……這可不妙啊。
consultant.frickinredacted.stabledown_75287	f2af8504	唉……該死，真可惜。
consultant.frickinredacted.stabledown_f831c	4152df11	我現在就能告訴你，這個嬰兒根本就是一坨 ^$%@。
consultant.frickinredacted.stableup_5a522	83e21614	先別兌現。
consultant.frickinredacted.stableup_88a42	57b66e8b	看起來挺不錯的。
consultant.frickinredacted.stableup_f75a4	dfd72c21	看起來值得留著。
consultant.frickinredacted.willdown_2e464	981be6f1	這個要暴跌了。
consultant.frickinredacted.willdown_32d23	fd03dd2c	趕快撤出來。
consultant.frickinredacted.willdown_c66f2	d49673ab	拿著信用點快跑。
consultant.frickinredacted.willup_806fa	cc7ef920	現在就該買了。
consultant.frickinredacted.willup_bd7d4	6c8893ac	好——該買了。
consultant.frickinredacted.willup_bff4b	fd3edb7d	就是現在——快進場。
consultant.frickinredacted.wrong_7b56d	79b560aa	嗯。我的錯。
consultant.frickinredacted.wrong_f03a2	b7b6b107	這個我看錯了。
consultant.frickinredacted.wrong_ab412	7426ad97	欸，不可能每個都對啦。
consultant.swarmbaby.bigplayergain_342d1	520685da	看——這位交易員做得超棒！
consultant.swarmbaby.bigplayergain_a7010	aba5458f	聊天室別太興奮——這位交易員要把錢全都自己留著喔。(uwu)
consultant.swarmbaby.bigplayergain_c18c9	9015211d	這才是我的交易員！太猛了！！！
consultant.swarmbaby.bigplayerloss_2d7f7	22a8c4c8	(´･(´･(´･(´･(´･д･`) ･`)･`)･`)･`)
consultant.swarmbaby.bigplayerloss_5b5aa	bcbdc890	還好那不是我的錢！！
consultant.swarmbaby.bigplayerloss_d1a3b	174148e8	聊天室，要慶幸你們不是這位交易員喔 o(^w^*)o
consultant.swarmbaby.bigplayerloss_dfa37	0669329d	噢噢噢……賠好大喔。
consultant.swarmbaby.bigplayerloss_ecee7	edf11bec	哇！真是個魯蛇！
consultant.swarmbaby.chatter_47873	cae4afe1	我交易卡頓了！不要啊啊啊！！！ (ᵒwᵒ)/
consultant.swarmbaby.chatter_79973	bc2614b4	聊天室，你們覺得這位交易員怎麼樣？
consultant.swarmbaby.chatter_b699a	7f279eda	聊天室裡有嬰兒嗎？
consultant.swarmbaby.chatter_ce231	d4b9c0c2	我們來給這位交易員一些假明牌，看看會怎樣哈哈哈
consultant.swarmbaby.chatter_d4049	9eb36019	當不成交易員……你還是可以試著生一個嬰兒啦 笑死
consultant.swarmbaby.chatter_e4810	923138a9	你敢相信這位交易員居然花錢來聽我們講話嗎？
consultant.swarmbaby.correct_fc597	8eddc92d	聊天室，我猜對了！！
consultant.swarmbaby.correct_a2567	b07e2c68	砰！又一次預測正確！！
consultant.swarmbaby.correct_63774	d31fa5bb	我強不強？超強的吧！
consultant.swarmbaby.disaster_29974	c1153cf3	我現在絕對不想當這位交易員
consultant.swarmbaby.disaster_2a2e0	addb3580	歷史級大失敗
consultant.swarmbaby.disaster_539c1	73b3bffb	根本是直播結束級的行為 笑死
consultant.swarmbaby.disaster_81a32	413741b3	哎唷！！！
consultant.swarmbaby.disaster_83962	1e4bf628	噢，這位交易員要被坑慘了 哈哈哈
consultant.swarmbaby.disaster_8c8f9	12b48262	這好慘喔，交易員 (-_-;)
consultant.swarmbaby.mightdown_3979d	22dc665f	我要賣了！#@%$！
consultant.swarmbaby.mightdown_816ab	eb652ec0	等等，等等……這裡怪怪的
consultant.swarmbaby.mightdown_cec82	66de41f4	啊哈哈哈股票快死掉了啦 (x_x☆)
consultant.swarmbaby.mightdown_fb0e8	fe8ed7fe	這可能會很糟糟糟糟糟 ~(>_<~)
consultant.swarmbaby.mightup_3b52a	e9efd2ce	它到底會不會漲啊？
consultant.swarmbaby.mightup_80d3e	8b335b0c	聊天室，我好感動！這個嬰兒活得好精彩 (´°u°`)
consultant.swarmbaby.mightup_aca47	740f127d	我可能會買幾股……
consultant.swarmbaby.mightup_f9383	ca97d6fe	也許該買了……
consultant.swarmbaby.plateau_0ab6c	e900bec5	快點，嬰兒——動一下啊！(@m@)
consultant.swarmbaby.plateau_348d4	dfd5948c	銀河這麼多嬰兒，這位交易員偏偏挑了這個哈哈哈
consultant.swarmbaby.plateau_3c019	d8fa2765	這個嬰兒是故意讓我們失望的
consultant.swarmbaby.plateau_68dd6	37f19fe6	我乾脆去喝點水。馬上回來
consultant.swarmbaby.profitevent_65043	fa6d489c	我早就料到了！耶！！！
consultant.swarmbaby.profitevent_90ca4	15a5fecf	聊天室，我們要發財了！(òwó)
consultant.swarmbaby.profitevent_92f37	cb91d693	大錢。大錢。
consultant.swarmbaby.roundover_039ab	f200f026	啊！它死了 (´°u°`)
consultant.swarmbaby.roundover_73c4a	0220f3e8	下次運氣會更好！！
consultant.swarmbaby.roundover_92e9d	f432e2a0	模擬結束了！好刺激
consultant.swarmbaby.roundover_b12b7	e5ccff8e	嗚嗚嗚……
consultant.swarmbaby.stabledown_070d5	1e865e72	聊天室，這真的太糟了 (っ-w- ς)
consultant.swarmbaby.stabledown_65733	4234f5f0	我想說的話會害我被黃標 笑死
consultant.swarmbaby.stabledown_6bf02	17e4852b	嗚嗚不要，它越來越糟了 σ(≧ε≦ｏ)
consultant.swarmbaby.stabledown_82d2c	c07216b6	這個嬰兒該＊振作一點＊了
consultant.swarmbaby.stabledown_8868a	c2057e65	看看它！它真的在暴跌啊！！
consultant.swarmbaby.stabledown_b1bf6	ffe8effc	我覺得這位交易員挑到一個壞掉的嬰兒
consultant.swarmbaby.stabledown_b2e40	ff59dd01	大爆死
consultant.swarmbaby.stabledown_d1b80	d11d76bb	我不敢看！(*>m<*)
consultant.swarmbaby.stableup_119c5	0e1c645d	抱住喔，交易員！它還會漲更高！！
consultant.swarmbaby.stableup_517b1	7233291e	它一直在漲！(＊o＊) ≡☆
consultant.swarmbaby.stableup_8c9b2	09b218c7	衝啊，嬰兒！媽咪要買新手指啦！
consultant.swarmbaby.stableup_e343e	2308cbe8	頂上。交易。(ﾉ≧o≦)ﾉ
consultant.swarmbaby.willdown_024f0	7f07d217	噢，這個嬰兒撐不下去了……
consultant.swarmbaby.willdown_051e2	be0132b2	這個嬰兒要暴跌了哈哈哈
consultant.swarmbaby.willdown_073e2	ce3df93d	你能想像自己是那個還抱著這支股票的白痴嗎？哈哈哈
consultant.swarmbaby.willdown_0f518	73607b30	聊天室，我有不好的預感 (._.`)
consultant.swarmbaby.willdown_1e10b	3719f9a0	這下要糟了
consultant.swarmbaby.willdown_82231	b19aa88a	它要暴跌了。看著吧 ( ･m･)
consultant.swarmbaby.willdown_9d41c	7c42fc95	噢不 ((((*>.<)_
consultant.swarmbaby.willup_0a143	7675ff79	快！進場，進場！(•̀w•́)
consultant.swarmbaby.willup_686d6	a5e9477a	衝呀，交易員！！
consultant.swarmbaby.willup_7d63c	169ee8e1	買！！買！！買！！！！！！
consultant.swarmbaby.willup_90568	fee83d8c	我們要賺超超超超多信用點了 (ノёoё)ノ
consultant.swarmbaby.wrong_24953	90930ef2	我平常比較厲害的啦 (*>m<*)
consultant.swarmbaby.wrong_1e062	37df72d7	就差那麼一點！！
consultant.swarmbaby.wrong_0d113	2ec036ee	對不起，聊天室——我會更努力的！
consultant.woohoocharlie.bigplayergain_21b2a	c01ba43b	好多信用點！太爽啦！！！
consultant.woohoocharlie.bigplayergain_7b0de	b34ea706	你是史上最強的交易員！！！
consultant.woohoocharlie.bigplayergain_bcd65	793dd6f9	就是要這樣啊！！！
consultant.woohoocharlie.bigplayerloss_0701c	3d84c770	那……可是好多信用點啊。
consultant.woohoocharlie.bigplayerloss_5709b	fa9fbd8e	聽著——你只要跟你爸借一筆就好啦！這樣就沒事了，對吧？！
consultant.woohoocharlie.bigplayerloss_7be1c	2c41eebc	你還能翻身的！加油啊！
consultant.woohoocharlie.chatter_07b5c	ec523e90	聽說我是醫學奇蹟！
consultant.woohoocharlie.chatter_7d843	efea1f59	只要往血袋裡注射夠多的咖啡因，就再也不用睡覺了！這是科學事實！！
consultant.woohoocharlie.chatter_9d656	21bcd363	這幾乎跟賭場一樣好玩！
consultant.woohoocharlie.chatter_bd709	9b7b21eb	再次謝謝你選我！我之前跟幾個客戶惹上了一點麻煩……
consultant.woohoocharlie.chatter_f2aeb	2f92fb8e	有時候我會懷念器官市場……
consultant.woohoocharlie.correct_8016c	8b8c93c6	我猜對了，老兄！
consultant.woohoocharlie.correct_319af	85567d44	耶！被我說中了！！
consultant.woohoocharlie.correct_a4286	36f58408	天啊，我手氣超旺的！
consultant.woohoocharlie.disaster_0c4fc	442a2b23	我、我們可以把信用點拿回來嗎？
consultant.woohoocharlie.disaster_d5ba6	919a3f40	這、這只是另一個賺錢的機會，對吧？！
consultant.woohoocharlie.disaster_eabe8	264a50ee	這也太糟了……
consultant.woohoocharlie.mightdown_5bd0d	d35cb1c4	我怎麼覺得怪怪的……
consultant.woohoocharlie.mightdown_77802	e38f4a29	也、也許我們可以再撐一下下……
consultant.woohoocharlie.mightdown_c43f6	89e2f6f9	是、是只有我覺得這裡好熱嗎？
consultant.woohoocharlie.mightup_60bd7	17962547	漲啊……拜託……求你了……
consultant.woohoocharlie.mightup_ae5c7	9330b25d	我對這孩子有好預感。
consultant.woohoocharlie.mightup_b7580	42edeee5	我、我覺得它可能會漲？有可能？
consultant.woohoocharlie.plateau_1190a	00642c72	拜託……漲啊！漲！
consultant.woohoocharlie.plateau_1e99c	17acff35	持平很好！持平就代表快漲了！！
consultant.woohoocharlie.plateau_32de9	7dd16d4a	現在就漲！漲漲！快點！！
consultant.woohoocharlie.profitevent_58b62	33597495	漲上去了！！！！
consultant.woohoocharlie.profitevent_6f5f3	77d9a5f9	更　多　錢。更　多　錢。
consultant.woohoocharlie.profitevent_fee37	7bf88a87	信用點列車永不停駛！
consultant.woohoocharlie.roundover_3270a	92a9b814	這麼快就結束了？！
consultant.woohoocharlie.roundover_7605f	27e75c6d	我們可以讓派對繼續下去！如、如果你願意的話……
consultant.woohoocharlie.roundover_94d3a	821e94c8	噢，老天……
consultant.woohoocharlie.stabledown_1f577	a75ac45b	不　准　再　跌　了。
consultant.woohoocharlie.stabledown_97fb9	aa925f11	噢不——我們該怎麼辦？！
consultant.woohoocharlie.stabledown_d2bea	b967053c	不要！停！壞嬰兒！！！
consultant.woohoocharlie.stableup_23e3c	52bff2a7	這正是我們需要的！對吧？！
consultant.woohoocharlie.stableup_c19b4	f8ba014f	太完美了！它會永遠漲下去！！
consultant.woohoocharlie.stableup_e5be3	babedff8	好耶！好耶！繼續衝！！
consultant.woohoocharlie.willdown_7e8db	70e6efac	賣出！
consultant.woohoocharlie.willdown_9a08b	92c79cac	賣　掉　孩　子。馬　上　賣。
consultant.woohoocharlie.willdown_d3e2c	6332b7ca	我覺得該賣啦！！
consultant.woohoocharlie.willup_2777c	ebcead4b	它要漲了！我先把話說在前頭！！
consultant.woohoocharlie.willup_b15c6	6fcd36f1	我覺得好日子就要開始了！
consultant.woohoocharlie.willup_bc689	5cc26cd3	這孩子的股票要大爆發了——我就是知道！
consultant.woohoocharlie.wrong_5c1e6	3f337288	沒、沒人是完美的啦，你知道的……
consultant.woohoocharlie.wrong_d70b5	97725610	不要放棄我！我下次一定猜對！！
consultant.woohoocharlie.wrong_05928	269197da	不！我才沒這麼爛！拜託啊！！！
consultant.jampus.name_88083	a3c6b8a6	困惑的詹普斯
consultant.swarmbaby.name_ffd04	e049fc90	蜂群寶貝永遠愛
consultant.woohoocharlie.name_6fd08	46e1b8fc	嗚呼查理
consultant.frickinredacted.name_b8399	4804b162	他X的已刪除
consultant.weaver.name_59a56	41385add	薇佛
consultant.yugon.name _f07cb	04028ed9	思想領袖尤岡
consultant.lorton.name _97b0d	0b72fc5f	經濟評估員洛頓
consultant.filigree.name_7b7bc	d01023af	仲裁者菲利格
consultant.starstream.name_4ed50	3e13e2c6	湯‧星流
consultant.farmerpopkin.name_05d4d	7b34b005	農夫波普金
consultant.chadsakespeare.name_adf33	9d000e7d	查德‧莎士比亞
consultant.bobbo.name_81e51	762098d0	波波議員
consultant.cultist.name_56f51	d7a73751	前邪教徒妮菈
consultant.weaver.description_063d4	3d24d4c5	身為少數僅存的人類之一，薇佛精通風險評估、資本剝削，以及躲避四處遊蕩的摘器官幫派。據說她用獲利資助兩個智人同胞的聚落。
consultant.woohoocharlie.description_5776c	a99a08e1	來自遙遠星球、名聲掃地的王子，錢倒還多得是，派對照開不誤。方圓 300 萬光年內的每家賭場、賽道、遊樂場和醫院都不准他進門。
consultant.frickinredacted.description_39196	0b4ef742	如果你看到這段文字，代表這傢伙本來因為爛透了，要被火速從遊戲裡砍掉。請告訴開發者你看到了。
consultant.yugon.description_99285	94411c8d	在成為暢銷作家並發明紅色*之後，思想領袖尤岡興奮地展開下一段旅程——讓你發大財！！\n*發明紅色一說無法證實。
consultant.lorton.description_b2823	9728e572	經濟評估員洛頓短暫查核過嬰兒市場後，就被它邏輯與徹底非理性交織的魅力迷住了。他已經拒絕調職 18 次。有 74% 的把握自己 100% 正確。
consultant.swarmbaby.description_2b98c	6700f0ef	56 個星系中評價最高的實況主，蜂群寶貝永遠愛的明牌商標由菁英死亡部隊負責捍衛。記得按讚訂閱！！<3
consultant.jampus.description_7b787	3125d790	一位年長紳士，因為點了垃圾訊息，身體被清算、大腦被上傳到 Hol.low AI 網路。真的能親身感受市場的起起落落。
consultant.filigree.description_8f8c1	c7fa0f3c	對什麼都焦慮，包括嬰兒市場的道德問題，但因為股票選擇權占了薪酬的一大部分，沒辦法置身事外。黏液法專家。
consultant.starstream.description_c86b0	ee2d13f8	他一直在跟宇宙調頻，某天誤打誤撞闖進嬰兒市場，然後……就留下來了。跟著感覺走啦，老兄。隨時樂意幫忙。
consultant.farmerpopkin.description_c2f92	74f09775	前器官商人，聽了 31 個孫子的建議，來試試嬰兒市場這玩意兒，替退休生活增添樂趣。年邁、知足，很高興認識你。
consultant.chadsakespeare.description_b4763	c8487c94	果斷、古怪、機智的億億萬富翁兼慈善家。在法律上不是一條狗。
consultant.bobbo.description_70613	23593a68	市場法規規定，每位交易員若請不起顧問，都有權獲得一名公設顧問。這位很討厭你。
consultant.cultist.description_5611b	9ebf74ef	妮菈因為「太病態」被逐出辛佛斯教團，於是把她對死亡、腐爛與毀滅的迷戀帶進投機經濟的世界，結果大受歡迎。
consultant.woohoocharliealt.description_1af54	55f74c7e	你那聰明、英俊又寬宏大量的老闆，是你唯一需要的顧問。而且他只抽一小部分！
consultant.gameplaydescription_36fbb	93526941	精準知道嬰兒的壽命
consultant.gameplaydescription_fdb5b	bbd9144b	大概知道嬰兒的壽命
consultant.gameplaydescription_73ee1	25725e95	精準知道嬰兒的最高價
consultant.gameplaydescription_742e5	55325ce7	大概知道嬰兒的最高價
consultant.gameplaydescription_6080f	e79bf84a	精準知道嬰兒的最低價
consultant.gameplaydescription_783e3	d196a156	大概知道嬰兒的最低價
consultant.gameplaydescription_9d04f	2e69d8c9	精準知道嬰兒的平均價格
consultant.gameplaydescription_e6aba	d188fbd3	大概知道嬰兒的平均價格
consultant.gameplaydescription_9c712	ff29ca17	精準知道嬰兒一生有多正面
consultant.gameplaydescription_746fc	faa7a439	大概知道嬰兒一生有多正面
consultant.gameplaydescription_d6582	9569ce40	精準知道嬰兒的起始價格
consultant.gameplaydescription_2efce	8a1adfdc	大概知道嬰兒的起始價格
consultant.gameplaydescription_f9c72	6efa9fa8	精準知道嬰兒最長上漲期有多長
consultant.gameplaydescription_ddb85	aa715ce4	大概知道嬰兒最長上漲期有多長
consultant.gameplaydescription_93437	8222bf36	精準知道嬰兒最長下跌期有多長
consultant.gameplaydescription_49b91	ccebe63a	大概知道嬰兒最長下跌期有多長
consultant.gameplaydescription_bc2b4	6e98b811	精準知道嬰兒 30 歲時的價值
consultant.gameplaydescription_2889a	b357905b	大概知道嬰兒 30 歲時的價值
consultant.gameplaydescription_b1c67	a496e361	知道嬰兒一生中的一件隨機事件
consultant.gameplaydescription_11c60	dfaf546e	知道嬰兒一生中最好的時刻
consultant.gameplaydescription_5c8aa	c0f83e8f	知道嬰兒一生中最糟的時刻
consultant.gameplaydescription_9ede8	691d4d98	知道嬰兒的死因
consultant.gameplaydescription_0ef43	019aa38d	知道嬰兒能不能活到 45 歲
classica.lifeevent_0d0a2	04244651	把格雷波獻祭給天外諸神
classica.lifeevent_0ea95	04398992	在外星中了銀河樂透
classica.lifeevent_0f330	a0ff7883	中箭
classica.lifeevent_11c54	85b7e661	被馬咬
classica.lifeevent_12b25	5573b621	到外星修習冥想
classica.lifeevent_17a35	a8acc56f	替村裡縫補衣服
classica.lifeevent_192e5	a2111b18	到外星採水晶
classica.lifeevent_1fdf2	47afb68f	被抓到用洗碗機
classica.lifeevent_204f5	a2c929b7	學會盾牌陣形
classica.lifeevent_21365	fd730d0f	在大理石雕像上刻下不雅符號
classica.lifeevent_2237f	0c829452	離開星球
classica.lifeevent_23e30	a1d966d1	掉進公共噴泉
classica.lifeevent_26389	351fecc0	幫觀光客指路
classica.lifeevent_26c1b	61040bc1	困在水底
classica.lifeevent_2957d	6a907eff	從格雷波背上摔下來
classica.lifeevent_35560	4cce12ec	褻瀆神殿
classica.lifeevent_37d80	9630fe90	偷觀光客的信用點
classica.lifeevent_3867c	9599dcec	被野生格雷波踢
classica.lifeevent_3ec16	86109857	玩樹枝
classica.lifeevent_41c2f	14e94ca6	參加祭典刀鬥
classica.lifeevent_448f6	c1164613	成功生起營火
classica.lifeevent_46577	d10910f0	完成航海遠征
classica.lifeevent_47845	d03f5c23	在航海意外中受傷
classica.lifeevent_4a32a	d6f07e75	被抓到用縫紉機
classica.lifeevent_4b56b	d8e480bd	踩到大便
classica.lifeevent_5337c	b63f3bbe	被抓到參加銀河樂透
classica.lifeevent_5b49e	950c08dd	被格雷波群踩踏
classica.lifeevent_5f136	5ce33eff	贏得格雷波賽跑
classica.lifeevent_606b1	a1581b3f	修好電子牛頭人
classica.lifeevent_67d70	496ea698	從屋頂摔下來
classica.lifeevent_6a8f0	281c1d47	成功蒸餾花蜜
classica.lifeevent_6dae2	09ac6c80	逃出角鬥場
classica.lifeevent_6f4b8	ca65a580	毀了葡萄收成
classica.lifeevent_75fa0	591e65ad	把托加袍染成新顏色
classica.lifeevent_765e5	69c8d0ae	修繕神殿
classica.lifeevent_79e4d	a00a1828	把夜壺倒在路人身上
classica.lifeevent_7ad26	3c5b6bfe	被對手下毒
classica.lifeevent_7c411	57f195a3	幫忙蓋神殿
classica.lifeevent_7ca6a	47d0612d	逃出迷宮
classica.lifeevent_80489	8e63b9f6	被抓到接受現代醫療
classica.lifeevent_85e9b	bb575c1c	被蛇咬
classica.lifeevent_8daf3	17bff2b4	刺傷對手
classica.lifeevent_95e71	c3bd3d58	斬殺海怪
classica.lifeevent_9b4b8	94426368	成功攻頂
classica.lifeevent_a0971	8e7ec761	從山上摔下來
classica.lifeevent_a1ad7	41d99254	目擊祕密空投貨物
classica.lifeevent_a23b2	2833e3cf	研讀銀河神話
classica.lifeevent_a2a9b	5d5ba1f4	被牛頭人用角刺穿
classica.lifeevent_a434f	45e7b3ad	學會射箭
classica.lifeevent_a7987	564a7ecb	到外星跑貨運
classica.lifeevent_a97a3	97e5e529	畫出冥界入口
classica.lifeevent_abf3d	96aa7788	贏得角鬥
classica.lifeevent_ae03e	854240ac	渡過黑河
classica.lifeevent_b1fae	70d314cc	刀鬥落敗
classica.lifeevent_b3d21	ad00bf9e	扭傷腳踝
classica.lifeevent_b9815	af828949	馴服野生格雷波
classica.lifeevent_bcdab	0fbd5177	在對手的菜園撒鹽
classica.lifeevent_bcf74	c2b2f5a1	被對手刺傷
classica.lifeevent_c5527	db11a95c	目睹恐怖景象
classica.lifeevent_c5eaf	2e5dd315	失去肢體
classica.lifeevent_c5f1e	b0882e57	成功雕出自己的肖像
classica.lifeevent_c66bd	a85fa8d5	被抓到用全像投影機
classica.lifeevent_ccd93	e9d0c0d4	參加古戰重現
classica.lifeevent_cfa9c	ca16ac21	在迷宮迷路
classica.lifeevent_d04de	46073531	在古戰重現中瞎了一隻眼
classica.lifeevent_d5c6f	6f9da07c	爬上大理石雕像
classica.lifeevent_d9c90	e7935fe0	刀鬥獲勝
classica.lifeevent_dcbfc	5fd8eac3	被抓到聽流行音樂
classica.lifeevent_de028	8093f373	被對手勾引
classica.lifeevent_f217a	08c7880b	被地獄犬咬
classica.lifeevent_f9562	0d7e6cf7	練習使用古代字母
classica.lifeevent_fa838	cab3c5a9	喝神酒喝到斷片
classica.lifeevent_49c3e	edbb7c28	迷上迷幻藥
classica.lifeevent_d4eb7	26563fef	完成月球公路旅行
classica.lifeevent_777e3	7dc99401	開了液壓服飾精品店
classica.lifeevent_257fe	c4d41fc0	受僱載貨穿越蟲洞
classica.lifeevent_40817	76b27957	蓋了新競技場的一段
classica.lifeevent_6880a	81bf4151	又被懸浮車撞
classica.lifeevent_aca56	d137a92c	登陸遙遠的小行星
classica.lifeevent_c0340	e0468fa7	第一次被懸浮車撞
classica.lifeevent_8defd	39dd1928	馴服一窩巨蛇
classica.lifeevent_a9872	c685d69d	擅闖最高議會的會議
classica.lifeevent_9f07c	3d804f7d	被懸浮車撞上癮
classica.lifeevent_7f2df	2ab19137	冥想了整整一個太陽週期
classica.lifeevent_aa9ce	a16c201f	在衛星上露營
classica.lifeevent_2cce7	dbfa5741	在星際公路搭便車
classica.lifeevent_885da	7e340521	替犯罪集團工作
classica.lifeevent_9031a	7ce731f2	偷渡上貨船
classica.lifeevent_0953b	ac81db29	強徵懸浮機車
classica.lifeevent_1fad8	8fa6248b	領養一群牛頭人
classica.lifeevent_39ae1	f74186a8	因當眾裸體被捕
classica.lifeevent_798d7	c8668779	把屍體埋在小行星上
classica.lifeevent_cfcab	b78260a1	考到駕照
classica.lifeevent_a35a4	8579a711	洗劫水耕設施
classica.lifeevent_56d65	508dc225	削了一支火箭矛
classica.lifeevent_3d89f	37a3451f	散發禁書
classica.lifeevent_676f8	56b62de9	教孩子認識銀河
classica.lifeevent_f3976	7dc9b41c	獲選加入神聖管弦樂團
classica.lifeevent_648e6	ea093e0b	培育出新品種虎頭蜂
classica.lifeevent_534dc	e5b68271	觸發太多陷阱
classica.lifeevent_56593	60a19749	晉升最高議會
classica.lifeevent_aa0f1	b4c5f71d	用燒紅的鐵替侍僧烙印
classica.lifeevent_1d29a	d2514682	發現新的農業技術
classica.lifeevent_f7e52	a00cf2b4	被電子獅鷲咬
classica.lifeevent_9e2be	ef2ec44d	放出惡犬
classica.lifeevent_6190c	99b7be66	試用新一批毒鏢
classica.lifeevent_4ec20	c66ed77f	被配重投石機射出去
classica.lifeevent_9f3ab	8a534d97	被投石器射出去
classica.lifeevent_a46f8	1c114d22	被扭力投石機射出去
classica.lifeevent_85679	ce538a7a	熱油倒錯對象
classica.lifeevent_6f9cf	71ff2030	被心懷不滿的實驗對象打傷
classica.lifeevent_a5ea5	b3a09673	被憤怒的暴民追趕
classica.lifeevent_cf6ba	a9a4b226	放火燒了總部
classica.lifeevent_64091	63c3b705	一時發狂
classica.lifeevent_0c2b9	2c5eddea	被蠍尾獅咬掉一肢
classica.lifeevent_87ffb	f5b57eaf	被電梯門夾扁
classica.lifeevent_e7b77	f0f211ea	在廣場上被剝皮榨汁
classica.lifeevent_eaf79	7140ef4b	揭發叛徒
classica.lifeevent_b230e	33a8c0a1	在年度盛宴中倖存
classica.lifeevent_152f4	043bf329	在年度盛宴上被吃掉
classica.lifeevent_5bef6	611ffd16	摧毀地下通訊網
classica.lifeevent_8ce51	eacd261a	被神聖管弦樂團開除
classica.lifeevent_f8553	056ee9f5	用草藥敷傷口
classica.lifeevent_fa499	d91d4b28	祈求豐收
classica.lifeevent_c2422	e26a1c93	犧牲戰友
classica.lifeevent_6a9aa	b80ba190	學會新的戰陣
classica.lifeevent_406e0	7d17ee2a	贏得錦標賽
classica.lifeevent_85190	b4042c2e	學會金工
classica.lifeevent_9fc51	9165169b	編出漂亮的籃子
classica.lifeevent_fcaa0	79f17705	在廣場上逮捕唱反調的人
classica.lifeevent_45f0f	ce4fd69c	被洛賓莓噎到
classica.lifeevent_680c0	84df54df	感染甜血病毒
classica.lifeevent_bd8a8	c7f0c92b	在糧食裡發現雷克斯怨靈
classica.lifeevent_36352	95a942d5	被抓到在公共浴場用肥皂
classica.lifeevent_45c10	1023a163	拒絕加入軍團
classica.lifeevent_732d0	6cb070de	生下前途看好的孩子
classica.lifeevent_970ad	019c5f4e	生下虛弱的孩子
classica.lifeevent_517d5	bfbd1735	跟孩子講當年勇
classica.lifeevent_6ad58	e91d23f1	為了人口普查橫越星球
classica.lifeevent_81152	20347d7e	完成繁複的馬賽克
classica.lifeevent_0fbb1	089b553d	被山崩活埋
classica.lifeevent_3c95a	666f53f5	銷毀高科技起源的證據
classica.lifeevent_7b8ed	cd34cdc5	因瘟疫失明
classica.lifeevent_5eed2	f7f2b205	朗誦史詩
classica.lifeevent_95341	323abd62	在廣場上遭石刑
classica.lifeevent_85383	636a91bb	被戰車拖行
classica.lifeevent_0bd6b	65ebc008	被趕出城
classica.lifeevent_5990d	23a9afbc	被迫和獅鷲搏鬥
classica.lifeevent_5f02f	bd31c5c5	被丟進滾燙的油鍋
classica.lifeevent_e6f74	9f8cafe0	被塗焦油、黏羽毛
classica.lifeevent_af754	c1a57b39	因功獲賜葡萄園
classica.lifeevent_d166e	1284e1a1	因英勇獲頒勳章
classica.lifeevent_3c1b2	a378669d	僱了僕人
classica.lifeevent_77de1	9a9dfb97	批准興建新水道
classica.lifeevent_b0850	8925b4fb	為新道路動土
classica.lifeevent_2ab88	16289659	當選公職
classica.lifeevent_9c39d	3745abd7	為議會效力改換身分
classica.lifeevent_76e2e	a0b79039	蓋了宮殿
classica.lifeevent_aaa11	7c8eee30	訂製自己的半身像
classica.lifeevent_33164	5e6362a9	搭乘皇家懸浮艇
classica.lifeevent_38c42	3b5be836	訂購外星商品
classica.lifeevent_4ade9	da393ac6	強化通訊網
classica.lifeevent_acb87	6ba55329	帶著自傳劇巡迴演出
classica.lifeevent_6b3f3	c182ac4c	作弊贏得錦標賽
classica.lifeevent_1048b	e77b3907	接受外星疾病的治療
classica.lifeevent_ef296	4889e7ad	假扮神明
classica.lifeevent_0e34c	76f8ab43	被射進真空的太空
classica.lifeevent_3bfee	50e64ccb	被失控的壓縮機壓扁
classica.lifeevent_dcf19	67157ddf	被困在氣閘外
classica.lifeevent_2adea	38c723fe	粉根酒喝過量
classica.lifeevent_9941a	427d4692	撞上小行星
classica.lifeevent_a9218	80b2e4f1	順利求得神諭
classica.lifeevent_a1f1f	38014350	收割作物
classica.lifeevent_3a679	38075872	刷洗城市街道
classica.lifeevent_c1730	10e266b1	買了新卷軸
classica.lifeevent_ddaa2	78de5ba1	閃避觀光客的失禮問題
classica.lifeevent_8984f	fff7f901	成功避開格雷波的大便
classica.lifeevent_cfa5c	892e9e71	沾滿格雷波的大便
babyname.Classica_fd240	a2b91576	卡德摩斯
babyname.Classica_65283	ad606f08	布魯圖斯
babyname.Classica_bf03e	d45eb599	卡蜜莉亞
babyname.Classica_91582	d3ec1696	馬格努斯
babyname.Classica_33dc5	501c5140	奧蕾莉亞
babyname.Classica_f470b	7a914e2c	柏伊倫
babyname.Classica_ab78b	0e238b32	潔爾米亞
babyname.Classica_e1c55	6a316d86	傑拉尼姆
babyname.Classica_6e3da	45b59203	奧格
babyname.Classica_56042	e86a2635	崔弗隆
babyname.Classica_6dfd4	cf11f84a	凱撒
babyname.Classica_a6671	8f99ec17	阿特拉
babyname.Classica_73d08	41d7d879	貝拉多娜
babyname.Classica_8012a	5faace15	芙蘿拉
babyname.Classica_6fc05	e49e7e0e	維茲
babyname.Classica_0e857	3332a76d	斯佩瑞斯
babyname.Classica_3c94d	5ad4d5ec	索姆尼歐
babyname.Classica_1132a	fbf4fb1b	涅墨西西斯
babyname.Classica_6fddf	274519a4	朱涅瓦
babyname.Classica_b949d	f85cbc3e	奧拉
babyname.Classica_d50b0	33c1cf6f	阿波羅松
babyname.Classica_18b88	e6c944be	沛菲克提歐
babyname.Classica_47898	37d62668	羅傑
babyname.Classica_16ffa	133931d4	以諾
babyname.Classica_c917c	2424ce18	掃羅
babyname.Classica_350ad	9121c37b	亞歷山卓斯
babyname.Classica_032a3	12486f5b	撒迦利
babyname.Classica_da199	d69a9fb5	阿基爾
babyname.Classica_33380	f300f92b	赫斯提亞
babyname.Classica_c2551	9e9f290e	斯佩斯
babyname.Classica_4666f	13b47b89	波莫娜
babyname.Classica_ba3fb	e3c5c337	米涅拉
babyname.Classica_5538e	ef2100f7	朱諾
babyname.Classica_d373d	1199ffa6	馬克爾
babyname.Classica_fde71	857ed289	諾拉
babyname.Classica_6abf2	b2818207	尤利烏斯
babyname.Classica_c585f	142eb114	波西亞
babyname.Classica_39125	28c12f33	克莉絲拉
babyname.Classica_c878e	65a35352	屋大維
babyname.Classica_705e0	0c7602e0	卡爾珀恩
babyname.Classica_ca659	047a333a	西塞羅
babyname.Classica_bb996	92974536	利普希茲
babyname.Classica_d7da6	b5775a16	雷比迪烏斯
babyname.Classica_61f4a	4127cb4c	蘇斯薩
babyname.Classica_eb4d0	da347858	秦納
babyname.Classica_68757	aa496bbb	辛珀
babyname.Classica_b53a3	f3d05181	阿特米迪斯
babyname.Classica_3d159	81e13806	穆瑞魯斯
babyname.Classica_fd1fa	b59cf576	德西烏斯
babyname.Classica_95fd6	ff06a44b	克洛狄亞
babyname.Classica_f1edd	12f4b5c2	李錫尼亞
babyname.Classica_f4f98	1e37836a	茱莉亞
babyname.Classica_d6f52	4811e940	嘉拉提亞
babyname.Classica_6e3f9	4f22a254	歐多克西亞
babyname.Classica_764a9	032f879f	阿古斯
babyname.Classica_0fb46	e1b02b54	弗拉屁倫
babyname.Classica_b9aaa	ccee47b6	格魯提斯
babyname.Classica_775f1	03be5624	梅迪烏斯
babyname.Classica_9c5fe	061b2145	隆吉拉
babyname.Classica_d1295	e50fbfa8	格拉提圖斯
dancemom.lifeevent_55e58	73d4de9c	吃掉敵對部落的成員
dancemom.lifeevent_98d6e	b49eae64	吃掉同部落的成員
dancemom.lifeevent_c906d	d4598866	獲部落晉升
dancemom.lifeevent_f699c	42d9ee48	拿到贊助
dancemom.lifeevent_87fac	d10def1b	訓練很順利
dancemom.lifeevent_cb942	78589e4a	背叛部落夥伴
dancemom.lifeevent_e3fa0	20b034a9	贏得選美比賽
dancemom.lifeevent_92eb9	0bccaffb	殺害逃跑的人
dancemom.lifeevent_7e922	82bb2134	成功策劃政變
dancemom.lifeevent_ae73c	f605caeb	成為花瓶配偶
dancemom.lifeevent_0a531	a3f6b7b7	和有錢人結婚
dancemom.lifeevent_be870	3a763944	成為深夜節目的搭檔
dancemom.lifeevent_9b68e	3d93f207	主演電影
dancemom.lifeevent_0fef4	b6fbc1ad	接受紀錄片訪問
dancemom.lifeevent_21a99	97ebc769	發行專輯
dancemom.lifeevent_f59c4	7b095224	拿下重要角色
dancemom.lifeevent_b31c8	5d1172f6	成功訴請解除監護
dancemom.lifeevent_140a3	ab111b9b	替邪教招募成員
dancemom.lifeevent_ec897	889722f6	開始拍育兒 Vlog
dancemom.lifeevent_d8cb6	b0600139	接受小報訪問
dancemom.lifeevent_9fdd8	370cd849	活剝敵對部落成員的皮
dancemom.lifeevent_36c42	30eec190	拍了光鮮亮麗的狗仔照
dancemom.lifeevent_5335e	11d1d82b	自願獻出血肉給部落
dancemom.lifeevent_81545	e1c3ca99	在訓練中受傷
dancemom.lifeevent_d1b0d	cff33670	被部落降級
dancemom.lifeevent_d0357	ffc5d451	被抓到做出無私的事
dancemom.lifeevent_ddffe	2cb386e6	體能評估不及格
dancemom.lifeevent_ded90	0ea03014	被趕出選美節目
dancemom.lifeevent_79cc1	bde9044f	要求被帶回父母身邊
dancemom.lifeevent_7bebf	bed4274d	試圖逃跑
dancemom.lifeevent_b8dfd	71bc4561	被抓到策劃政變
dancemom.lifeevent_8cacc	d5dd549d	選擇退出演藝圈
dancemom.lifeevent_2fda9	5cf3e6cf	試鏡沒過
dancemom.lifeevent_40689	393ca1d7	簽下剝削性合約
dancemom.lifeevent_13601	b3b6843d	失去自己的肖像權
dancemom.lifeevent_2e34f	fcc82218	簽字放棄集體訴訟權
dancemom.lifeevent_f03e6	8f4c2738	解除監護訴訟敗訴
dancemom.lifeevent_64b2c	012034bc	成為邪教的掛名領袖
dancemom.lifeevent_bfbc6	41700520	為了愛情結婚
dancemom.lifeevent_d43f3	c6535ab6	隱姓埋名撫養嬰兒
dancemom.lifeevent_fabc9	4b022767	被小報踢爆
dancemom.lifeevent_d90a7	83164ebc	當眾陷入創傷閃回
dancemom.lifeevent_6bd5e	6adedf7c	哭到睡著
dancemom.lifeevent_42545	3e4cea2b	釣到破紀錄的漁獲
dancemom.lifeevent_6f4c4	ff6e3319	獵到新鮮的獵物
dancemom.lifeevent_6387e	72ebefef	種了一塊菜圃
dancemom.lifeevent_ea828	5f3071ba	新俚語沒流行起來
dancemom.lifeevent_3b917	8d6c57cd	完成寫真拍攝
dancemom.lifeevent_f9a64	d93ea1cc	後台訪問搞砸了
dancemom.lifeevent_e6d73	3e1b51b4	巴結比賽評審
dancemom.lifeevent_4dbb9	9f0f8280	獲選參加遊戲節目
dancemom.lifeevent_b9875	5ddd7370	被部落拋棄
dancemom.lifeevent_c97a4	6d1553f4	被部落投票淘汰
dancemom.lifeevent_05f5d	4cc8e1c1	被對手踹掉牙齒
dancemom.lifeevent_087d6	a8847066	接受重建手術
dancemom.lifeevent_03656	582e5ab1	接受整形手術
dancemom.lifeevent_55cc5	64a9842c	曬傷
dancemom.lifeevent_83feb	9347bb41	發明爆紅的熱潮
dancemom.lifeevent_d069e	fc8c9193	感染傳染病
dancemom.lifeevent_7ceaa	c1906739	故意把疾病傳染給對手
dancemom.lifeevent_04dc2	0da4a9f8	把對手掐死
dancemom.lifeevent_242f7	865f42cc	為保命奮戰並獲勝
dancemom.lifeevent_0cfeb	21afdcc1	哀求回家
dancemom.lifeevent_4c4c2	95a2ed47	發明新俚語
dancemom.lifeevent_294b8	9cbc538b	被寫進抹黑報導
dancemom.lifeevent_2bbb6	a5d59bde	設置陷阱
dancemom.lifeevent_c4e64	e5bf29d0	放火燒帳篷
dancemom.lifeevent_7691a	93357089	把克夫特蠅偷偷放進對手的帳篷
dancemom.lifeevent_e703f	ff4a7e33	領養時髦的寵物
dancemom.lifeevent_33524	552f2d63	在鏡頭前馴服野獸
dancemom.lifeevent_269d3	6f4109d4	由知名造型師打理造型
dancemom.lifeevent_fdadd	5d9b80a2	長出可怕的鬍子
dancemom.lifeevent_79d28	6d2fa1a4	在網路上被粉絲騷擾
dancemom.lifeevent_a9a6c	dbd14d69	被大石頭砸到
dancemom.lifeevent_69757	d67093cb	跟部落一起跑步時受傷
dancemom.lifeevent_5874a	f8e14bfb	中了尖刺陷阱
dancemom.lifeevent_d8d52	912a4f70	設置島嶼風格的死亡陷阱
dancemom.lifeevent_3c0a4	4cfd3ae8	被鐵粉跟蹤
dancemom.lifeevent_46bf3	c8b7ef28	被鐵粉襲擊
dancemom.lifeevent_c0031	d20067a4	替鐵粉簽名
dancemom.lifeevent_2f198	19d0fc7e	替鐵粉錄訊息
dancemom.lifeevent_7ab05	78e0941d	成立自己的粉絲團
dancemom.lifeevent_0146b	7e76601b	主演熱門全像影集
dancemom.lifeevent_0fb94	703febf7	成為全像影集固定演員
dancemom.lifeevent_fe2ed	83e1cc70	躲避人群
dancemom.lifeevent_18a2f	943e8004	攻擊攝影團隊
dancemom.lifeevent_4bef8	d838b171	被攝影團隊綁起來
dancemom.lifeevent_d5524	e013f81f	蓋了堅固的庇護所
dancemom.lifeevent_2acf4	24f7ceb1	電視轉播自己孩子的出生
dancemom.lifeevent_90704	87449f64	把自己的孩子藏起來躲狗仔
dancemom.lifeevent_ec6d0	8fd6eed3	在大跳躍中倖存
dancemom.lifeevent_be1c2	822d0dfe	掉進電梯井
dancemom.lifeevent_1c723	ef6e06bd	開星艦撞上山壁
dancemom.lifeevent_5d24d	9e5138fe	嗡濾劑過量
dancemom.lifeevent_9b23e	6728034e	被早午餐噎到
dancemom.lifeevent_c0b41	95a4aa37	被鐵粉下毒
dancemom.lifeevent_7b581	9d87558b	被直升機螺旋槳切開
dancemom.lifeevent_34d63	00e0f11a	被舞台道具弄傷
dancemom.lifeevent_56281	14096215	潛水管故障
dancemom.lifeevent_5a95e	3d68be78	被自己的等身立牌壓扁
dancemom.lifeevent_6a443	07c4bf5b	自然死亡
dancemom.lifeevent_80ae7	128e8475	被蜂擁而上的仰慕者悶到窒息
dancemom.lifeevent_bfd7c	1ad6b2d5	出現劇烈過敏反應
dancemom.lifeevent_7ac6f	2f470f72	唱卡拉 OK 時喘不過氣
dancemom.lifeevent_63fe9	e5513f53	在與世隔絕的木屋餓死
dancemom.lifeevent_b86e6	37a2ea21	被捲入煙火爆炸
dancemom.lifeevent_f4abc	b0d539a4	被嫉妒的粉絲推進車流
dancemom.lifeevent_f5f1c	e4b78d5a	整形手術時感染
dancemom.lifeevent_001e2	49bd4c8b	在馬桶上心臟病發
dancemom.lifeevent_58f40	15fc0f6a	撞毀懸浮滑雪板
dancemom.lifeevent_f071d	b79e091a	被酒駕星艦撞上
dancemom.lifeevent_e6abf	9ef8b69b	被湯匙噎到
dancemom.lifeevent_9bbbe	4dc6d768	在電扶梯上扭傷肢體
dancemom.lifeevent_ffbae	823acbe3	被飲料嗆到
dancemom.lifeevent_9ce4d	4943e632	走進海裡
dancemom.lifeevent_a1704	62279d2d	被鎖在氣閘外
dancemom.lifeevent_46037	24de90b0	下廚時燒傷
dancemom.lifeevent_a663c	3b52cb04	用餐時被騷擾
dancemom.lifeevent_9605e	921570af	被狗仔埋伏
dancemom.lifeevent_c2143	de924aa3	吃了太多止痛藥
dancemom.lifeevent_296d6	e2c492fc	把孩子送去坎托凡提斯
dancemom.lifeevent_e3f77	8df877f0	孩子死在坎托凡提斯
dancemom.lifeevent_6532a	4f33cdd9	孩子沒什麼名氣
dancemom.lifeevent_d6303	f7388e2d	孩子成名了
dancemom.lifeevent_a02b9	b71f3073	被部落吃掉
dancemom.lifeevent_d4daa	4f015c31	在突襲中被打殘
dancemom.lifeevent_e0d68	81efb81b	被巨石壓扁
dancemom.lifeevent_cecb3	84d096b6	捲入醜聞
dancemom.lifeevent_29237	e1588be3	成功壓下醜聞
dancemom.lifeevent_52c5d	3e74a1f8	付錢給勒索者
dancemom.lifeevent_8a8f0	5990d1eb	因醜聞被勒索
dancemom.lifeevent_be1a5	f0d7d078	勒索同劇演員
dancemom.lifeevent_70cc5	0e308d2b	公開分手鬧得很難看
dancemom.lifeevent_165d9	3a8762b1	吵架吵輸了
dancemom.lifeevent_402b2	1e87e12e	在台上摘掉自己的眼睛
dancemom.lifeevent_3f5fb	ee611415	和自己的全像化身結婚
dancemom.lifeevent_a17e6	b4063ba2	被電視節目開除
dancemom.lifeevent_a1b06	ddab8a85	外流自己的性愛影片
dancemom.lifeevent_870b7	169e3cc0	對伴侶劈腿
dancemom.lifeevent_92c64	a79bbc62	不小心刺傷自己的手
dancemom.lifeevent_ad74c	77b5a551	被太多重物壓扁
dancemom.lifeevent_efdfd	ce31ad53	捶牆壁捶斷了手
dancemom.lifeevent_efceb	360499ec	被抓到在逛前任的全像頁面
dancemom.lifeevent_21b5b	08c2f9e5	被抓到盜用身分
dancemom.lifeevent_e9da6	211822b5	撞破餐廳窗戶
dancemom.lifeevent_b6b2f	a67deb99	被抓到冒充警察
dancemom.lifeevent_eda72	e8010542	不小心餵孩子喝嗡濾劑
dancemom.lifeevent_7b014	3beaff65	成功散布假圖片
dancemom.lifeevent_66952	5221a0ef	踢了格雷波
dancemom.lifeevent_206e4	bc24b7d4	宣布整群朋友都是叛徒
dancemom.lifeevent_0adf1	51d1a06d	為了流量假懷孕
dancemom.lifeevent_8091d	6ab7e1c2	散播性病
dancemom.lifeevent_a5b73	84a38cdb	吃掉成年的雙胞胎手足
dancemom.lifeevent_1a57f	a0504235	和最好朋友的伴侶上床
dancemom.lifeevent_9f4be	0ac2805e	在婚禮上和朋友的伴侶上床
dancemom.lifeevent_d4f1c	96aed6de	招惹致命的動物
dancemom.lifeevent_2f49c	5afa0652	替銀河大口飲打廣告
dancemom.lifeevent_775e6	4dd7da65	被抓到在當店員
dancemom.lifeevent_f656d	5288736d	操縱名人賭盤
dancemom.lifeevent_23ed9	3b1a0908	被抓到假裝吃素
dancemom.lifeevent_2db25	aa2ba9ad	故意餵對手過敏原
dancemom.lifeevent_2bba6	e253c348	微劑量服用格雷波類固醇
dancemom.lifeevent_c1c58	a28ff665	搬進網紅屋
dancemom.lifeevent_363f0	a9fc22b2	拆了房子，室友還在裡面
dancemom.lifeevent_a4377	33f9a3c4	炸了自己的蛋糕
dancemom.lifeevent_c0803	5f27da25	毀了室友的衣服
dancemom.lifeevent_37c2e	a28c8849	被室友重摔
dancemom.lifeevent_f0e34	108450eb	和新人上床
dancemom.lifeevent_ad268	0176e07a	和新人一起訓練
dancemom.lifeevent_f63ee	09a85610	給新人餿主意
dancemom.lifeevent_8698d	2c4c093a	故意扯新人後腿
dancemom.lifeevent_e7f9e	01956115	賭新人的成績
dancemom.lifeevent_1f26b	0cc41bd1	當選總統
dancemom.lifeevent_af2a5	aebabfea	在總統任內被捕
dancemom.lifeevent_e1f1e	bf4136f7	把紀念堂改名成自己的名字
dancemom.lifeevent_45277	1fb45ae9	下令軍隊入侵自助餐廳
dancemom.lifeevent_40024	65d66d84	索賄
dancemom.lifeevent_e5c4b	1b3ea46d	在咖啡店被拒絕服務
dancemom.lifeevent_65c19	2ab9f14a	併吞 AOR286-4 失敗
dancemom.lifeevent_73a83	070ee1fb	捏造獎項來領
dancemom.lifeevent_6831c	4156bdb9	再度當選總統
dancemom.lifeevent_9bf22	ceb765c4	被新人不小心刺傷
dancemom.lifeevent_7cae2	6e9f614a	被憤怒的暴民活活燒死
dancemom.lifeevent_34b5e	0459c95a	網紅屋燒毀
dancemom.lifeevent_2125c	d76ab407	害室友被捕
dancemom.lifeevent_65cb3	6ddaff78	被室友詐騙
dancemom.lifeevent_6a919	059be049	獲粉絲陪審團判無罪
dancemom.lifeevent_616c5	4adcea5c	在新節目中挽回形象
dancemom.lifeevent_620e1	c5bfb58c	搞垮就業市場
dancemom.lifeevent_8bae8	c0c5de6b	貿易戰落敗
dancemom.lifeevent_4b271	d6523eb5	用核彈轟炸月球
dancemom.lifeevent_8d06b	a2a2fb00	被星際社會罷黜
dancemom.lifeevent_a29c1	64863ea1	理智斷線，掐死室友
dancemom.lifeevent_54966	3fda5b68	在酒吧鬥毆中殺死路人
dancemom.lifeevent_88f1d	caa9ca98	教孩子生存技能
dancemom.lifeevent_16a57	e73d3428	身無分文重回演藝圈
dancemom.lifeevent_91110	e73f32b8	風光重返演藝圈
babyname.CantorVantis_d1a97	659fc73f	雷貝爾
babyname.CantorVantis_4caa7	d7bcc776	愛德華
babyname.CantorVantis_436ac	7e47b0bb	貝拉
babyname.CantorVantis_6b9ae	1fe82a8e	史塔克
babyname.CantorVantis_09b08	d3ec1696	馬格努斯
babyname.CantorVantis_c43cb	edbafcf4	雨果
babyname.CantorVantis_96b40	7e835dc2	卡塔琳娜
babyname.CantorVantis_54918	5619182a	薇若妮卡
babyname.CantorVantis_2487b	dd4a58a6	奧爾加
babyname.CantorVantis_1f47c	cc6ee368	賽拉
babyname.CantorVantis_ab7d7	dcb74d74	黛博拉
babyname.CantorVantis_47db9	6dba6d84	伊恩
babyname.CantorVantis_8d29a	f21c329d	史特林
babyname.CantorVantis_a4168	300a9de4	霍夫
babyname.CantorVantis_a2891	dcc5dd39	亞莉安娜
babyname.CantorVantis_84414	e5a074df	澤塔
babyname.CantorVantis_70397	9a459371	西德妮
babyname.CantorVantis_36e86	1bb5b73b	伊茲
babyname.CantorVantis_3040a	059bfe0d	阿薩莉亞
babyname.CantorVantis_86db1	34274aa2	卡蒂
babyname.CantorVantis_5b444	cab3689b	貝依
babyname.CantorVantis_37f41	cbe9811c	柯戴爾
babyname.CantorVantis_5baff	23fc5021	凱勒
babyname.CantorVantis_1c9d8	2e7e69a1	奧蘭卓雅
babyname.CantorVantis_23af2	43104353	賈絲汀
babyname.CantorVantis_4531e	66f4a582	賈斯提斯
babyname.CantorVantis_b37ea	5dac84df	謝莉
babyname.CantorVantis_67e5a	a95dd194	阿瑪雅
babyname.CantorVantis_ab86b	c7e29ebb	格林
babyname.CantorVantis_7362d	9ed4f4c8	艾斯
babyname.CantorVantis_71f58	a7c33b9e	麥肯琪
babyname.CantorVantis_dddc3	7a71909e	澤登
babyname.CantorVantis_82d72	adaa56e6	尚泰
babyname.CantorVantis_fb38e	ffda6b1d	德勒
babyname.CantorVantis_e6eb3	51eecd22	米格爾
babyname.CantorVantis_51038	fb49de5a	賽文
babyname.CantorVantis_279ce	e6ce61b3	泰莎
babyname.CantorVantis_6b296	938c5e4b	英迪戈
babyname.CantorVantis_3446f	de13a298	C.V.
babyname.CantorVantis_3ed31	ab224a49	泰瑞爾
babyname.CantorVantis_5e319	4324e3df	阿琪亞
babyname.CantorVantis_bb357	174478a6	蕾娜
babyname.CantorVantis_ced33	96541eb2	瑪賽拉
babyname.CantorVantis_bb3fa	7010e237	塔隆
babyname.CantorVantis_a8deb	e1ec8e62	賽爾妮塔
babyname.CantorVantis_81b63	4c498215	傑森
babyname.CantorVantis_0137f	37c1b6e4	阿賈尼
babyname.CantorVantis_c4585	9b67b9b2	羅斯
babyname.CantorVantis_fdea0	b3e314cb	崔雅
babyname.CantorVantis_8f156	410079da	凱凱帕妮雅
babyname.CantorVantis_97fb9	8dd6f273	蓋瑞克
babyname.CantorVantis_76a2b	b5f08597	弗拉迪米爾
babyname.CantorVantis_b2c4c	f6a819e2	卡蜜拉
babyname.CantorVantis_c8eb9	215d0bb9	達倫
babyname.CantorVantis_29e20	59f8797e	蕾雅
babyname.CantorVantis_eddfe	0ef43ece	丹傑
babyname.CantorVantis_0a4cd	53ae2d59	普卡
babyname.CantorVantis_a77da	0618e41a	河成
babyname.CantorVantis_b3a34	6ded07bd	好麻吉
babyname.CantorVantis_4906c	5f918266	爛麻吉
babyname.CantorVantis_53017	a415ae2c	owo
babyname.CantorVantis_cb062	379c1ff0	uwu
babyname.CantorVantis_810bb	2556bfdf	多基斯
babyname.CantorVantis_b1f7f	77bd3910	伊米吉
babyname.CantorVantis_3473a	06bd26ad	普布
farm.lifeevent_bb462	68ad8a94	生起營火
farm.lifeevent_4b7b7	6412700a	修繕穀倉
farm.lifeevent_4c054	9dff18a6	修好工作台
farm.lifeevent_0630c	0cc259af	收成微薄
farm.lifeevent_51d76	92a17c56	被軌道風捲走
farm.lifeevent_84146	911ad12b	幫忙蓋穀倉
farm.lifeevent_ea306	5703a343	出席郡會議
farm.lifeevent_2245a	55a9c30e	收成毀於軌道干擾
farm.lifeevent_fcf97	f1b41fbf	打架打贏
farm.lifeevent_f8082	4facb621	在鬥毆中被打昏
farm.lifeevent_e6ddf	5596d23b	等維修用品等了好幾個月
farm.lifeevent_85dea	f32d1ded	被吸進龍捲風
farm.lifeevent_e8b4a	37dc58bf	縫了拼布被
farm.lifeevent_d0ccd	8f8f5b90	阻止枯萎病蔓延到森林
farm.lifeevent_83248	a581625c	消滅入侵的蠅疣
farm.lifeevent_20b63	b495d6b8	在和平抗議中遭到襲擊
farm.lifeevent_fbe4f	4de18e9d	被作物怪跟蹤
farm.lifeevent_18f0b	8c504c83	讓最愛的格雷波安樂死
farm.lifeevent_931ef	c3a15028	大豐收
farm.lifeevent_5db56	7ff96cff	學會彈班鳩琴
farm.lifeevent_27631	d6ed0750	銀行帳戶透支
farm.lifeevent_70d91	0facd152	還清債務
farm.lifeevent_55b22	d6053883	辦了新貸款
farm.lifeevent_0b25f	d932979a	把豐收的作物運到外星
farm.lifeevent_86a01	530550e2	水井乾涸
farm.lifeevent_a2c96	480716bc	和鄰居分享糕點
farm.lifeevent_001c2	9df31ce4	用回收木料蓋房子
farm.lifeevent_77ef6	bdf90fbd	因企業合併失去供應商
farm.lifeevent_cf521	a5c79b00	摔傷
farm.lifeevent_61899	677e9ae1	肢體被收割機具切斷
farm.lifeevent_3a720	1df0104f	在鐮刀意外中受傷
farm.lifeevent_68c69	b3930ce2	到赫斯特集團總部抗議
farm.lifeevent_bae53	089b553d	被山崩活埋
farm.lifeevent_17d10	e35d8dd3	被地面吞噬
farm.lifeevent_b5c03	911caf67	因文書上的小細節失去土地
farm.lifeevent_619e0	f98ee447	養出得獎的動物
farm.lifeevent_c6c2e	660705b6	獲頒最佳農產品獎
farm.lifeevent_0943c	b680317a	學會宰殺動物
farm.lifeevent_5db01	fcd2cd2f	成功覓食
farm.lifeevent_e5c67	e90d4fb5	培育出新的雜交作物
farm.lifeevent_ff004	84ed9066	帶著家人逃離天災
farm.lifeevent_0b7e6	4c946c12	處理遭感染的水源
farm.lifeevent_38d42	fd407071	和青梅竹馬結婚
farm.lifeevent_ea316	fa9f1c6c	喝到斷片
farm.lifeevent_80113	12e334db	在這片土地上漫遊
farm.lifeevent_ac503	91d9d856	為了生存結婚
farm.lifeevent_09b82	41700520	為了愛情結婚
farm.lifeevent_9648d	fb8270f4	修繕房子
farm.lifeevent_a0b34	7277780d	佈置家裡
farm.lifeevent_4a9be	223b8b17	在食物銀行服務
farm.lifeevent_a2e48	e3aa082d	清除土地上的火場殘骸
farm.lifeevent_76cf3	422ac310	被野火燒到
farm.lifeevent_37e92	c2ac95a1	嚇到心臟病發
farm.lifeevent_18a19	62d706c4	救出陷阱裡的動物
farm.lifeevent_305ea	3d46410b	哀悼過世的家人
farm.lifeevent_be5ac	18ff247c	替鄰居縫補衣服
farm.lifeevent_aefc0	f7a11de9	被軌道汙染嗆到
farm.lifeevent_e3b8f	cb19684b	和家人慶祝豐收
farm.lifeevent_cfe08	04266341	肢體長回來了
farm.lifeevent_2a101	a9fe2af3	攻擊油泥管線
farm.lifeevent_8df52	cb4b113b	在古董拍賣會上得標
farm.lifeevent_79b55	2ada47b3	擴大種子共享網路
farm.lifeevent_71cb7	d409ef71	機具被軌道風暴摧毀
farm.lifeevent_cfb32	98dc8e96	設立種子共享站
farm.lifeevent_f2774	25b089a6	被作物怪刺傷
farm.lifeevent_5751f	dc3acc6a	捐衣服給收容所
farm.lifeevent_9eee9	3cc45e26	泡孢子水療
farm.lifeevent_8a512	48123a87	煮飯給隔壁一家人
farm.lifeevent_c8d7e	e60c43d3	逃出地震範圍
farm.lifeevent_35c9f	df79b62e	耕種土地
farm.lifeevent_c176d	9c373c95	被赫斯特集團保全開槍
farm.lifeevent_f968a	2867ccf2	連署反對赫斯特集團
farm.lifeevent_ad7ba	5c3252ea	把農場賣給赫斯特集團
farm.lifeevent_766e3	9248db50	被子女斷絕關係
farm.lifeevent_06192	5c617704	遭到迫遷
farm.lifeevent_147e8	1d71044a	拿土地換食物
farm.lifeevent_d79c2	8cd6845a	朝赫斯特集團代表丟石頭
farm.lifeevent_50511	eae21198	受僱成為佃農
farm.lifeevent_951b8	8f424964	在床上被作物怪糾纏
farm.lifeevent_f8381	7841f188	被赫斯特集團保全恐嚇
farm.lifeevent_f08ee	e47d7fa2	被赫斯特集團特務暗殺
farm.lifeevent_82c6e	9da6232b	組織搜捕隊獵殺作物怪
farm.lifeevent_7e405	625df883	被作物怪殺害
farm.lifeevent_d0c79	98866059	在市集被作物怪糾纏
farm.lifeevent_d893b	9e8adfa5	家人死於作物怪之手
farm.lifeevent_3dd3c	adb18821	放出作物怪
farm.lifeevent_d0737	1d4ab206	被農場監工虐待
farm.lifeevent_5f24e	24293424	因汙染而受感染
farm.lifeevent_dc4c0	c6a4c486	抗議油泥管線
farm.lifeevent_73419	fa2643e8	幫鄰居把農場買回來
farm.lifeevent_0d6f6	55efa04b	社區幫忙買回自己的農場
farm.lifeevent_8bb82	55fb924a	種子庫燒毀
farm.lifeevent_222ac	5165cef6	翻修房子
farm.lifeevent_7fa0f	38a2b91e	取得農耕改良專利
farm.lifeevent_55b2a	5fbfb1d5	專利被赫斯特集團偷走
farm.lifeevent_b6b96	3821adf8	專利申訴被駁回
farm.lifeevent_3dda6	e4bb958e	房契被偷走
farm.lifeevent_3b9fe	70f4ca8b	房子被赫斯特集團標走
farm.lifeevent_840e3	848c740a	客氣地請赫斯特集團住手
farm.lifeevent_11e15	17e06c37	當面質問赫斯特集團高層
farm.lifeevent_9bafe	3cc3c2e0	農耕設備被赫斯特集團鎖死
farm.lifeevent_e6953	6e6d0518	被防維修措施電到
farm.lifeevent_1f611	bc543755	因維修農耕設備被捕
farm.lifeevent_2be60	38bf5fb2	朝赫斯特集團技師吐口水
farm.lifeevent_f6929	f0b08cc8	和赫斯特集團技師打架
farm.lifeevent_ad47e	af81b01f	赫斯特集團種子抽籤落選
farm.lifeevent_038dd	87d08e44	因分享種子被捕
farm.lifeevent_5037f	aeb0d9de	喝下格雷波鎮靜劑
farm.lifeevent_f45e0	39c38599	贏得烹飪比賽
farm.lifeevent_51f30	d3a16bad	灌溉土地
farm.lifeevent_d4ecc	70e8ba22	改善土地灌溉
farm.lifeevent_92e8e	3ca91c50	試圖與赫斯特集團談判
farm.lifeevent_a3715	8187b6e1	求見銀河代表被拒
farm.lifeevent_29eef	21e263eb	被企業律師詐騙
farm.lifeevent_83663	9b63b83e	在法院和解
farm.lifeevent_e1cce	cc69a15f	被赫斯特集團提告
farm.lifeevent_34c7e	569618d4	控告赫斯特集團
farm.lifeevent_4c35c	2d1cf95d	被訴訟費用壓垮
farm.lifeevent_b5762	4630a558	和社區成立法律基金
farm.lifeevent_552c7	e9368183	研究公司法
farm.lifeevent_c45b1	f8b75ada	對赫斯特集團聲請禁制令
farm.lifeevent_973ae	392f789e	籌辦百樂餐
farm.lifeevent_88397	0842ed0a	幫鄰居看小孩
farm.lifeevent_eeba5	8ddcae2e	開巨型曳引機兜風
farm.lifeevent_56f2b	6a8261b5	贏得科展
farm.lifeevent_324a9	8aa0dd8c	參加科展
farm.lifeevent_3de49	d9931309	在學校拿到好成績
farm.lifeevent_8f373	b87ac0ea	輟學務農
farm.lifeevent_ad379	571e7f1c	報名學術課程
farm.lifeevent_c85db	ddb5b699	在大學任教
farm.lifeevent_53f21	965b9c32	祈求好日子
farm.lifeevent_70462	22a16833	祈雨
farm.lifeevent_81e03	8d37e865	被軌道酸液腐蝕
farm.lifeevent_d00bd	ab58c323	在雨中跳舞
farm.lifeevent_3162c	f8a85940	演奏和聲琴
farm.lifeevent_c1d45	db6b7824	學會用根系相位槍射擊
farm.lifeevent_75ba3	e920a3cf	用根系相位槍射擊赫斯特集團飛機
farm.lifeevent_78fbb	db002e52	工作到筋疲力盡
farm.lifeevent_f607c	6d5d9baa	被廉價租賃機具弄傷
farm.lifeevent_f34cd	89131ec7	靠身體痠痛預測天氣
farm.lifeevent_8829f	2e04f128	去做健康檢查
farm.lifeevent_ec581	d4070377	在雜貨店聊八卦
farm.lifeevent_d0948	a5ff153f	被毛頭小子遠遠拋在後頭
farm.lifeevent_52018	e7d99bc9	去健行
farm.lifeevent_f9692	c0810bfd	把自己關在家裡
farm.lifeevent_b0a62	e19a414d	慶祝退休
farm.lifeevent_4c0dd	837e10e7	參加葬禮
farm.lifeevent_48a58	27bb69c9	賣器官換快錢
farm.lifeevent_999bb	63f8ed8e	搭起棚屋
farm.lifeevent_fd9b3	f78904d8	被天候摧殘
farm.lifeevent_5e512	9a39c8ed	住處燒毀
farm.lifeevent_69e22	747584cb	被農場開除
farm.lifeevent_65117	8250d3ee	睡在星空下
farm.lifeevent_1186a	7bafafc1	在家人陪伴下安詳離世
farm.lifeevent_bc25a	5eb47e44	農場因抗議活動遭查封
farm.lifeevent_29699	285af1be	抱摔作物怪
babyname.AOR_12c65	3922b090	莎拉
babyname.AOR_50538	b2dd3b9b	盧西奧
babyname.AOR_f9374	069aaff9	吉爾馬
babyname.AOR_c111f	d88b24ad	迪達
babyname.AOR_84d46	10376d60	胡里奧
babyname.AOR_4d06b	7b5cab8c	阿戴爾
babyname.AOR_a3d27	0c616c29	貝托
babyname.AOR_b3b10	d08b1815	迪迪
babyname.AOR_23343	0381d93f	傑爾森
babyname.AOR_6a9aa	c7f5922d	卡洛姆
babyname.AOR_ec28a	b089ba4f	萊伊
babyname.AOR_e7101	f1d0c98f	浩克
babyname.AOR_8a6d3	58497247	弗拉維
babyname.AOR_b82c8	6f2d286e	路易斯
babyname.AOR_05bd1	e9870f0b	普洛
babyname.AOR_c8083	d9c5b379	米涅羅
babyname.AOR_1b25f	e5886ff9	澤澤
babyname.AOR_8c7e0	42d8d701	桑恩
babyname.AOR_04d1e	94760683	里尤
babyname.AOR_89794	6b3ce77e	博拉
babyname.AOR_6e6a6	2642ae34	雪莉
babyname.AOR_538b2	ac5d171a	魯米
babyname.AOR_752b3	964a6cb0	妮基
babyname.AOR_99b92	891cfca5	小不點
babyname.AOR_44515	530646b6	尤拉
babyname.AOR_a2be4	a567b837	赫拉
babyname.AOR_c1cf9	a0bfa57d	詩拉
babyname.AOR_42c7a	a3f583fd	李伊
babyname.AOR_69256	babd59b6	莉伊
babyname.AOR_1b487	c48d42b9	泰倫斯
babyname.AOR_5f1df	c6bc5cab	貝伊
babyname.AOR_f4c8f	221662ba	允兒
babyname.AOR_dbe23	58644560	穆恩
babyname.AOR_7f962	669cab9e	奧馬爾
babyname.AOR_49f9d	eda82ba9	菲利普
babyname.AOR_b6372	dbdb4942	伍利
babyname.AOR_65193	c21cc2a7	盧格
babyname.AOR_e2d33	ca1a5242	伊萊莎
babyname.AOR_cce13	235f887c	戈德比
babyname.AOR_6b76b	28799ff8	瑪麗安
babyname.AOR_dde21	9536126f	里德爾
babyname.AOR_b1756	f606c87f	賈斯特
babyname.AOR_d2e45	dd3403b0	雷亞爾
babyname.AOR_0afde	5193dda6	佩欣絲
babyname.AOR_e33cc	40fba306	克拉克
babyname.AOR_41874	50739de7	安妮
babyname.AOR_f86e3	42d1f879	洛布
babyname.AOR_8912a	f5ac8387	坦珀倫絲
babyname.AOR_b1d82	33a89ca5	伊菲
babyname.AOR_1da9b	2d0d2d08	真嗣
babyname.AOR_a6a83	59f34fc5	加斯帕
babyname.AOR_07ff9	5ab88593	桑提亞哥
babyname.AOR_ae5d8	692e9f75	塞夸拉
babyname.AOR_c115e	f72cffb1	蒂亞戈
babyname.AOR_82084	5f617ba5	伊莉安妮
babyname.AOR_7e06c	5ee2f5b3	吉安娜
babyname.AOR_86738	52a62007	維特加
babyname.AOR_4c6e3	6373da27	提圖斯
babyname.AOR_aaafc	45401e12	拉梅特
babyname.AOR_74b79	be7126f5	潘多
babyname.AOR_091bb	bdb6b061	托倫克
babyname.AOR_5a0af	0150c54d	克里奇
hell.lifeevent_f3db1	7fba547f	升任監工
hell.lifeevent_51fb9	56407dda	向工人發放宣傳品
hell.lifeevent_69d1a	89e70d12	密告工人
hell.lifeevent_748b9	e6f48a2c	扯績優員工後腿
hell.lifeevent_25411	db3b6c63	慶祝老闆的週年紀念
hell.lifeevent_05094	0fa9523e	被走投無路的工人攻擊
hell.lifeevent_511d6	512dcc19	懲罰工人
hell.lifeevent_700ef	ff606a53	因貪汙被同事檢舉
hell.lifeevent_93b76	a73c545d	投票反對勞工保護
hell.lifeevent_74fcb	9d697568	破壞想加入工會者的床鋪
hell.lifeevent_caa01	b43396e6	買了柔軟的制服
hell.lifeevent_33601	793abeff	被特價鍵盤弄傷
hell.lifeevent_d66ba	922e49d2	公布度假樂透結果
hell.lifeevent_d8e1a	5c2a6907	升任資深監工
hell.lifeevent_0bc5b	3f8b97f0	被憤怒的股東鞭打
hell.lifeevent_7c211	fe28d179	在自己的宿舍被雷射射死
hell.lifeevent_d79c1	d60f3800	威脅監工
hell.lifeevent_c2574	550a5c5b	在本可避免的意外中被壓扁
hell.lifeevent_35f2b	1e8d2955	逃離監工的鎮壓
hell.lifeevent_ab5c5	6c73ae82	因不服從被烙印
hell.lifeevent_e8252	0ba82085	被管理層囚禁
hell.lifeevent_70cbc	006d6080	散發工會文宣
hell.lifeevent_15240	0bce4685	因信念被公開處決
hell.lifeevent_e90bc	9107949e	砸爛瞭望塔的監視器
hell.lifeevent_a0623	ee6f3433	被列入恐怖分子名單
hell.lifeevent_f35b9	c51431f5	加入反抗軍
hell.lifeevent_ffe21	5bdfb46a	揍了公司的馬屁精
hell.lifeevent_acf1f	8abe0aa8	照料朋友的傷口
hell.lifeevent_2d9f8	e67fd0b9	帶食物給生病的同事
hell.lifeevent_f149b	83c4248e	用演說讓工人激進化
hell.lifeevent_834f8	8779e266	被管理層毆打
hell.lifeevent_f17fd	2722a3c6	寫了支持工會的小冊子
hell.lifeevent_669cd	2d77a06f	把鼓舞人心的演說聽進心裡
hell.lifeevent_e49b8	d2615489	開始絕食抗議
hell.lifeevent_5ac01	eb9e71fc	因激進思想被同事檢舉
hell.lifeevent_5fea1	a1490802	把虐待勞工的證據寄給媒體
hell.lifeevent_2aad7	4b262bd8	到獄中探望戰友
hell.lifeevent_012b2	0c13e87e	被守衛追著穿過岩漿
hell.lifeevent_1cb56	3ff06a57	逼管理層坐上談判桌
hell.lifeevent_73cf3	a1d2a41c	在酷刑下放棄信念
hell.lifeevent_b46ac	1a8e6412	被溢出的岩漿燒焦
hell.lifeevent_517e6	eef2e66d	被燧石煙霧嗆到
hell.lifeevent_9afb0	81e81885	頭被機械砸裂
hell.lifeevent_ab4b8	aa6736f3	因火花煙霧失去舌頭
hell.lifeevent_c0969	c4cc0764	手臂出現永久性裂痕
hell.lifeevent_86828	795e296b	背部出現裂縫
hell.lifeevent_aa46b	3e0ec586	因用處變少被處決
hell.lifeevent_47b8f	44907b08	和身障工人互吐苦水
hell.lifeevent_e86ea	cf9a4cd7	因傷無法握住伴侶的手
hell.lifeevent_d416b	6201c079	被伴侶摟在懷裡
hell.lifeevent_cbd98	1766dae4	被光譜光束弄瞎
hell.lifeevent_3caa9	cee54227	分享對更美好世界的夢想
hell.lifeevent_715b7	994bbb7e	和愛人一起偷工廠設計圖
hell.lifeevent_4cc2e	2119d501	第一次接吻
hell.lifeevent_b721e	b9d4eb0d	為了專心工作離開伴侶
hell.lifeevent_bb75f	ccdd7f0b	被伴侶拋棄
hell.lifeevent_58fc7	66a354d8	提早溜班去見伴侶
hell.lifeevent_6a0c6	a89787ab	把愛人的照片貼在置物櫃上
hell.lifeevent_d6638	169e3cc0	對伴侶劈腿
hell.lifeevent_f2f7f	fc7e771a	雙方同意分手
hell.lifeevent_8bd4b	eb37051d	看著伴侶被撕成兩半
hell.lifeevent_e304c	7c59cf66	沒能從落石中救出愛人
hell.lifeevent_8770f	718ad06f	犧牲自己保護伴侶
hell.lifeevent_981f5	db3ecc05	再次墜入愛河
hell.lifeevent_e880d	734a37b1	和伴侶一起覓食
hell.lifeevent_ff27e	b15e498d	和伴侶偷偷看了星星
hell.lifeevent_1edad	b0913131	被伴侶力勸加入工會
hell.lifeevent_d1c67	4d778029	把孩子護在羽翼下
hell.lifeevent_ef8c2	82664504	和孩子玩
hell.lifeevent_50a6f	b1636fc1	辨認孩子破碎的遺骸
hell.lifeevent_8c7c4	fa4de2f9	因孩子的照片重新振作
hell.lifeevent_67b9f	b8ccf9d5	幫孩子離開星球
hell.lifeevent_f4f1b	975a02b1	救出另一個孩子
hell.lifeevent_11e85	2e75a141	因幫助身障同事而落後
hell.lifeevent_07ab3	7ff4dda3	幫助身障同事
hell.lifeevent_d6dc5	7272d479	被有瑕疵的採礦雷射弄傷
hell.lifeevent_e17f7	5ef4890c	困在崩塌的坑道裡
hell.lifeevent_8bed1	755ae67b	中了度假樂透
hell.lifeevent_eaf6a	1be6605d	臉上感受到微風
hell.lifeevent_2e86d	d8549548	啜飲一小杯甜飲
hell.lifeevent_c5709	8723bf64	在海灘上解離
hell.lifeevent_12c1c	6f740338	在小屋裡恐慌發作
hell.lifeevent_e5c74	aa992bb5	被觀光客推了一把
hell.lifeevent_7681d	2b80ee7b	被自然光弄瞎
hell.lifeevent_6b890	1f950967	被送回星球
hell.lifeevent_0e1d1	c9513a17	鍛造消費品
hell.lifeevent_dd754	0ea4bce6	織出漂亮的洋裝
hell.lifeevent_6ba5c	32ed9779	毀了產品
hell.lifeevent_8e16b	50372b3d	獲得小幅加薪
hell.lifeevent_0f2f1	0f371119	被滾燙的機械燙傷
hell.lifeevent_4d7d9	ea6fe39f	困在倒塌的宿舍裡
hell.lifeevent_07b2b	98006b51	被尖銳的機械刺傷
hell.lifeevent_5949b	ec70daf7	掉進熔煉槽
hell.lifeevent_ccbee	f0c4cf30	毫髮無傷地完成一天的工作
hell.lifeevent_e388b	c0560f86	開採高風險礦脈
hell.lifeevent_44fed	a75f9864	組裝出平庸的產品
hell.lifeevent_da8ad	9862a24a	餓著肚子上床睡覺
hell.lifeevent_772bf	fe44d7e3	被重型機械絆倒
hell.lifeevent_fffea	65c7b955	在礦坑裡迷路
hell.lifeevent_23901	667be5da	被抓到偷食物
hell.lifeevent_3921c	4fed1a3f	偷公司的食物
hell.lifeevent_1db75	9cc6770d	直視管理層
hell.lifeevent_a1912	ddefbad9	哭到睡著
hell.lifeevent_88b4a	a81949f6	不小心電到自己
hell.lifeevent_a7acf	ee13d9dd	不小心把朋友撞進粉碎機
hell.lifeevent_4fc88	5088fbcd	手指被機械切斷
hell.lifeevent_e2102	859e621a	在礦坑裡昏倒
hell.lifeevent_317e3	ef32ae61	用小石頭畫畫
hell.lifeevent_1890c	bb58d1be	輸了「躲岩漿」遊戲
hell.lifeevent_e9a95	078834ea	贏了「躲岩漿」遊戲
hell.lifeevent_7321e	020fb1a1	和同事交換記過手環
hell.lifeevent_26167	ecb1db07	在灰堆裡玩
hell.lifeevent_0f681	1b6cafc4	被抓到午休太久
hell.lifeevent_30faa	016f159b	把同事推到世界磨碎機前面
hell.lifeevent_0e473	2ad0ebd7	發現新礦脈
hell.lifeevent_7fa78	3c2814b7	學到什麼是音樂
hell.lifeevent_f22cb	d6868b6d	用手指敲出節拍
hell.lifeevent_00c29	8d0f1aaa	睡過上工鈴
hell.lifeevent_1989a	3a1d2dc4	剛好睡了 2.75 小時
hell.lifeevent_d69f1	b3c5a108	完成有生產力的一天
hell.lifeevent_2ecaf	a955ea0e	長出腫瘤
hell.lifeevent_be8ba	024b7885	在工廠裡被鞭打
hell.lifeevent_61a33	a52927e1	被派去打掃廁所
hell.lifeevent_e1c2d	7dea5ab9	被派去停屍間工作
hell.lifeevent_0ecd0	759baf5c	被派去燒證據
hell.lifeevent_93c08	5c5c8e1b	發現皮膚上有個洞
hell.lifeevent_022ff	7205dee6	學到什麼是書
hell.lifeevent_9c495	7d3d22b5	被抓到在看書
hell.lifeevent_e3420	2ad3e0e5	因為看書被打
hell.lifeevent_b7eca	95431fc7	因教同事被處決
hell.lifeevent_6a40f	a6f805a4	學會新的採礦技術
hell.lifeevent_b7d80	20f7ee6c	完成破紀錄數量的衣物
hell.lifeevent_30505	2efe86ba	被抓到在玩小玩意
hell.lifeevent_4fa67	b6b7c7ee	被抓到想逃離星球
hell.lifeevent_126ba	4f3a04e5	回宿舍途中昏倒
hell.lifeevent_dac66	dd280938	流下滾燙的淚水
hell.lifeevent_bdd0e	69f2a828	吃了一塊殉職同事的肉
hell.lifeevent_d80f5	4002b84f	被抓到在哭
hell.lifeevent_bebd2	8aaa3c3f	哀悼殉職的同事
hell.lifeevent_ac272	4c2f1a8c	受到管理層稱讚
hell.lifeevent_8db41	db03e9d8	被年輕同事看不起
hell.lifeevent_ada64	9ff88b8b	因為太老被鞭打
hell.lifeevent_9025f	632b53b9	因為太老被熔掉
hell.lifeevent_bf035	e8886997	手指太僵硬，無法工作
hell.lifeevent_c9901	3a7b9899	膝蓋出現裂痕
hell.lifeevent_c063e	9143421f	跳進岩漿
hell.lifeevent_ec725	42d7372f	跳進世界磨碎機
hell.lifeevent_9c308	4f136012	跳進粉碎機
hell.lifeevent_96a6e	d4f03513	跳進產品組裝機
hell.lifeevent_cc2d9	a66a3412	跳進尖銳的機械
hell.lifeevent_9ad94	addb3bb7	從工廠屋頂跳下
hell.lifeevent_0a9fe	e2a0a31c	被拿去做醫學實驗
hell.lifeevent_a023d	42f5f345	製造嗡濾劑
hell.lifeevent_cb239	8df87258	安裝懸浮車磁鐵
hell.lifeevent_1edda	4faaed88	製造全像投影機
hell.lifeevent_6d3e2	38f4410c	包裝嗡濾劑
hell.lifeevent_089c3	81905853	替潘夫球充氣
hell.lifeevent_ee579	c0d261a0	把格雷波鎮靜劑裝瓶
hell.lifeevent_5f46b	08762946	測試嗡濾劑品質
babyname.Infernus_0c49c	825acfd7	阿拉貝拉
babyname.Infernus_181d5	d7fd1402	亞當
babyname.Infernus_8dc6a	ea4aa633	貝罕
babyname.Infernus_0817a	ba477146	皮普
babyname.Infernus_aad85	119b8074	托克斯
babyname.Infernus_f9014	78f0599b	伊迪絲
babyname.Infernus_60571	078df40b	老比爾
babyname.Infernus_1959f	13afd371	查理
babyname.Infernus_4d3c2	b7c5bb8d	巴札德
babyname.Infernus_86af2	da43cfe2	艾德溫
babyname.Infernus_590e7	d553012c	貝琪
babyname.Infernus_0d918	939d19af	比蒂
babyname.Infernus_23991	faa42be2	瑪德琳
babyname.Infernus_1df24	a8eb77ee	華特
babyname.Infernus_2ad42	2cdd8587	愛麗絲
babyname.Infernus_8655d	e34e3557	巴克特
babyname.Infernus_ebbf2	b85ceaa6	馬丁
babyname.Infernus_91058	c5f8b56a	蘇菲
babyname.Infernus_9869e	50e18288	克里克爾
babyname.Infernus_89b35	ecbd446f	克拉姆斯
babyname.Infernus_3b4f4	946e6a72	蘿莎
babyname.Infernus_6f02d	86ef2710	所羅門
babyname.Infernus_035ec	b697b4bf	溫克斯
babyname.Infernus_33790	7f089f37	芬妮
babyname.Infernus_9a99b	86b23cbe	艾咪
babyname.Infernus_85f4e	8bae2014	本特利
babyname.Infernus_12d44	255cb2c0	賽芮
babyname.Infernus_d32fa	ee2af1a9	米妮
babyname.Infernus_b657d	a785424c	陶德
babyname.Infernus_ac053	be386d08	波克斯
babyname.Infernus_25f87	4d9926de	蓋佛
babyname.Infernus_8d861	74429642	莫提默
babyname.Infernus_5c3eb	3808ab56	莉莉安
babyname.Infernus_56478	c8030ca4	尼莫
babyname.Infernus_07fc2	6b7f7feb	夏綠蒂
babyname.Infernus_c9813	ac40e1d5	蘭道爾
babyname.Infernus_00827	a24f3f29	格雷格
babyname.Infernus_f4577	f782f04f	夏妮雅
babyname.Infernus_bba2c	918ccee8	史蒂芬妮
babyname.Infernus_a8a4d	ab97aeeb	賓格利
babyname.Infernus_02ae1	86ef2710	所羅門
babyname.Infernus_63a3d	98244228	奈德
babyname.Infernus_c13ec	a45b24cc	凱瑞
babyname.Infernus_2d4e7	ecbafb61	休伊
babyname.Infernus_9454c	d4b66d3d	艾絲特拉
babyname.Infernus_1e983	0fd862d4	洛蕾塔
babyname.Infernus_211e8	dea7b08d	梅莉安
babyname.Infernus_d57b5	ead10531	伯蒂
babyname.Infernus_bd3fd	425707de	伯特倫
babyname.Infernus_44830	97fd7c42	昆恩
babyname.Infernus_9f6e3	4d69b372	拉迪斯
babyname.Infernus_7ab12	1d58ad1b	葛拉漢
babyname.Infernus_0492d	48aa3b44	莉迪亞
babyname.Infernus_eb982	6425ef85	莫特
babyname.Infernus_f8335	b2e14d6b	法蘭西絲
babyname.Infernus_72e40	b153d3f4	格里夫
babyname.Infernus_5eb6e	35ece1e8	克朗奇
babyname.Infernus_827ff	1a4c78f8	克羅格爾
lux.lifeevent_01d41	0e32348e	投資組合崩盤
lux.lifeevent_08b8f	a9b91e04	發了一則爆紅的迷因
lux.lifeevent_09d50	9ed7b0b4	獲得學校嘉獎
lux.lifeevent_0a6e9	864b8322	偷嬰兒搖鈴
lux.lifeevent_0cb67	e65028f4	嗡濾劑成癮復發
lux.lifeevent_10444	b6c22b7e	籌辦遊民狩獵
lux.lifeevent_10bca	99dad63c	投資軍火製造商
lux.lifeevent_11a66	0499aa0f	成功惡整對手
lux.lifeevent_17a7e	f2805eb7	獲任慈善董事會成員
lux.lifeevent_18c9e	0aff49ab	偷大鑽石
lux.lifeevent_1af4f	36d0dc8d	把高階主管推出窗外
lux.lifeevent_1d8d6	35e95469	自殺
lux.lifeevent_1e3b7	58fb79a3	被馬丁尼的橄欖噎到
lux.lifeevent_1e49b	fba88974	加入運動聯盟
lux.lifeevent_1e80e	e681d7c1	在大型聚會上出糗
lux.lifeevent_1f91a	a139e8c6	身價縮水
lux.lifeevent_240fa	8469b699	找到真愛
lux.lifeevent_2513e	0fad7e31	狂追影集
lux.lifeevent_2aa75	515bf913	上划船課
lux.lifeevent_330c0	24fdfe9a	刺了個自己看不懂的刺青
lux.lifeevent_39d90	94ff0b00	躲過警察
lux.lifeevent_3cf12	f7674ce6	大考不及格
lux.lifeevent_400d8	25758e18	家中遭搶
lux.lifeevent_420b7	9d4a2143	向父母買下葡萄園
lux.lifeevent_43b37	5df7c006	投資製藥公司
lux.lifeevent_4b5f2	d2663d59	染上賭癮
lux.lifeevent_4d6d2	c2e0857d	成功惡整校長
lux.lifeevent_4e4cc	978c94d8	沒能辦成青少年大派對
lux.lifeevent_4fdcc	774bf2c8	偷懸浮車
lux.lifeevent_522c9	b55fcdf4	賣掉公司
lux.lifeevent_534a2	10fb101d	被抓到偷大鑽石
lux.lifeevent_55083	4ceffca5	從搜索無人機手中救出伴侶
lux.lifeevent_57107	40ee6b71	被抓到偷金條
lux.lifeevent_5ceba	333078fb	升遷被跳過
lux.lifeevent_5f0ae	d5d44ba4	贏了一場高爾夫
lux.lifeevent_5ffef	a57af55c	撿到電子玩具
lux.lifeevent_636ab	69d15dc1	被青少年駕駛撞
lux.lifeevent_664f2	5fab9b5b	偷旅行噴射機上的食物
lux.lifeevent_67b04	51c3e4ec	被雷打到
lux.lifeevent_686d8	bb574fe6	接受眼睛放大手術
lux.lifeevent_6ad5c	408fb137	動手術增高
lux.lifeevent_6b62f	cf92c0e0	住進戒癮中心
lux.lifeevent_70740	c4fbbde1	被無人機追捕
lux.lifeevent_74fc4	a8a19027	公開捐款給慈善機構
lux.lifeevent_7557e	6a28acea	操縱銀河樂透結果
lux.lifeevent_75e82	92a08039	丟掉電子玩具
lux.lifeevent_7b8d3	66bdfe28	被趕出慈善晚宴
lux.lifeevent_7c863	2520ca75	過完健行假期
lux.lifeevent_7f9a8	d62b74fa	打破直線加速賽紀錄
lux.lifeevent_7fc34	000fe7b2	被學校記過
lux.lifeevent_80c12	00be121b	在父母的公司上班
lux.lifeevent_82250	f0dbc61c	帶菜參加地下百樂餐
lux.lifeevent_8362b	a8ce28a9	感染鏽爛病
lux.lifeevent_89039	f633d77d	過完水上假期
lux.lifeevent_89abb	01cf8fca	撿到衣服
lux.lifeevent_8d21a	c739dc5f	被抓到惡整校長
lux.lifeevent_8fa4d	8b4837f7	完成懸浮噴射機拉力賽
lux.lifeevent_90392	d9abd085	被降職
lux.lifeevent_9387b	1ff3e660	促成企業合併
lux.lifeevent_97117	463a5d72	成功舉辦青少年大派對
lux.lifeevent_9d59a	4077fd2c	癱瘓無人機網
lux.lifeevent_9d6c1	14d08dbb	駭進雜貨店
lux.lifeevent_9f09a	da6a78cf	撿到鍋具
lux.lifeevent_a05e9	e49c20c8	被抓到偷嬰兒搖鈴
lux.lifeevent_a09a3	11d3e523	買了房產
lux.lifeevent_a442f	11644b07	在父母的公司獲得升遷
lux.lifeevent_ab9be	10bb731e	丟掉穿過的衣服
lux.lifeevent_ad088	3f6df411	逃過無人機搜捕
lux.lifeevent_afb4c	45025b7b	翻修房子
lux.lifeevent_b21bd	4ccfb608	中了銀河樂透
lux.lifeevent_b29d7	a6fdbae6	去了新餐廳
lux.lifeevent_b7939	cf795246	收購公司
lux.lifeevent_bc20d	424ae017	開了餐廳
lux.lifeevent_c1b0a	074bd3e3	動手術變矮
lux.lifeevent_c1f7b	25629c4f	懷上孩子
lux.lifeevent_c28a1	568024f7	開了精釀啤酒廠
lux.lifeevent_c4651	fa8c520a	去了高級夜店
lux.lifeevent_c5b21	67c0eba7	偷金條
lux.lifeevent_cbf33	d234eecc	開懸浮車衝出橋外
lux.lifeevent_ccd36	662c97c6	偷接水
lux.lifeevent_cdd2b	4bfbe4aa	策劃拘留所越獄
lux.lifeevent_d043e	f2bdd368	身價升級
lux.lifeevent_d0b93	aa4d3df7	自殺未遂
lux.lifeevent_d542b	04bbcdd6	大考拿高分
lux.lifeevent_d6b8d	d8f88338	偷食物
lux.lifeevent_d6bed	d31de6ee	領養孩子
lux.lifeevent_d9b24	1df7ff5f	開懸浮車兜風
lux.lifeevent_daf82	fa9f1c6c	喝到斷片
lux.lifeevent_dfc7a	c44f6bfd	過完熱帶假期
lux.lifeevent_e0aee	e5ec637f	丟掉上一季的鍋具
lux.lifeevent_e140d	61db134c	懷上遊民
lux.lifeevent_e543b	b5375dd9	嗡濾劑上癮
lux.lifeevent_e9142	8a998f2f	把男僕炒進太陽
lux.lifeevent_edd80	dce917f6	被強行送進拘留所
lux.lifeevent_f6612	70350420	輸了一場高爾夫
lux.lifeevent_f7363	15bcea84	被想報復的前任攻擊
lux.lifeevent_fbefb	e106958d	從遊艇噴霧器偷接水
lux.lifeevent_fd893	0cd9a9f4	對警察說謊
lux.lifeevent_fe3e3	4de7f553	動手術增加翼展
lux.lifeevent_5480e	e4155892	饒舌對決落敗
lux.lifeevent_40f0a	1a1f9cb1	大贏一筆
lux.lifeevent_05c37	615c72c5	在里莫斯-7 德州撲克輸光一切
lux.lifeevent_bf118	1556f025	當掉全像手錶換現金
lux.lifeevent_d0965	6881af25	成功持槍搶劫商店
lux.lifeevent_cd12a	0de8b8d1	搶便利商店時中槍
lux.lifeevent_5ee57	9d18c83e	出賣欠債的同伴
lux.lifeevent_0bb92	3bcf83d0	被賭場保全毆打
lux.lifeevent_4454c	3e74a1f8	付錢給勒索者
lux.lifeevent_2690a	2731f64a	勒索親人
lux.lifeevent_19d63	0a520351	偷親戚的珠寶去賭
lux.lifeevent_46cb5	7abf5578	拿遺產換賭資
lux.lifeevent_83622	8dfd7115	被禁止進入軌道賭場
lux.lifeevent_29e34	1cc3acc5	吃掉一張牌來贏得牌局
lux.lifeevent_56baa	58f3e256	成功在牌局中作弊
lux.lifeevent_84ba4	0bb135c0	被抓到在牌局中作弊
lux.lifeevent_36c4c	11204d07	被家族取消繼承權
lux.lifeevent_15d80	3cf83d34	賣肢體換快錢
lux.lifeevent_014b8	b08ec5c1	因沉迷賭博拒繳帳單
lux.lifeevent_5bf8d	9e9a84c0	被家裡斷了零用錢
lux.lifeevent_88d74	abae50dc	侵占公司資金
lux.lifeevent_19a92	18d7d245	向高利貸借錢
lux.lifeevent_71a92	88b99249	向同事要錢
lux.lifeevent_c23eb	383e6548	替自己立紀念碑
lux.lifeevent_b4388	df770b29	買下競爭對手的公司
lux.lifeevent_724e9	ffd6c4e8	發起騷擾行動
lux.lifeevent_46488	0c97c7f6	請公關公司管理形象
lux.lifeevent_094ba	13687563	因公然猥褻被捕
lux.lifeevent_10bd0	7389ed85	帳篷營地被摧毀
lux.lifeevent_1fca9	6a46a136	被喝醉的青少年在街上拖行
lux.lifeevent_06e4c	08753108	喝到斷片時犯下罪行
lux.lifeevent_0a7e1	d940a87a	翻垃圾桶找衣服
lux.lifeevent_09730	41c9fd98	翻垃圾找食物
lux.lifeevent_de48e	1e563ebf	被太陽商業局禁止從商
lux.lifeevent_904c7	ba077ce9	開始交易嬰兒
lux.lifeevent_f7ced	7039fd54	開了顧問公司
lux.lifeevent_513d4	11001d52	僱了武裝打手
lux.lifeevent_ca311	d8f70c5c	暫時逃離星球
lux.lifeevent_38046	617b36a2	買下一顆小月球
lux.lifeevent_fc21c	1fada709	在未開發星球獵捕大型獵物
lux.lifeevent_4f25c	ecd2e35b	被人當獵物取樂
lux.lifeevent_402ce	07ff5c52	學會演奏樂器
lux.lifeevent_c0928	ba14db9d	因煽動性言論爆紅
lux.lifeevent_abb96	0f8ee09a	被配偶當眾羞辱
lux.lifeevent_10e09	07eabf15	被僱主當眾羞辱
lux.lifeevent_185a0	b0d08af8	收買記者
lux.lifeevent_33b1e	466b51b8	躲開狗仔
lux.lifeevent_80027	065ea7d7	被抓到買嗡濾劑
lux.lifeevent_54546	23412bcf	被抓到拍攝祕密儀式
lux.lifeevent_65017	ae451650	偷高級食物晶片
lux.lifeevent_8c572	87f44a47	用了摻料的嗡濾劑
lux.lifeevent_e7e51	01c4fc8f	被嗡濾劑藥頭打
lux.lifeevent_59de1	dc236e93	工作被自動機器搶走
lux.lifeevent_8e2a3	d9609beb	當選地方公職
lux.lifeevent_26676	3c2fc086	在老鼠會賠光一切
lux.lifeevent_5f6ae	d0b48e99	受僱在公司晚宴上表演
lux.lifeevent_efd1e	de9f8c08	帳篷毀於體育場工程
lux.lifeevent_61af8	cc76f1b7	在高速公路下躲過酸雨
lux.lifeevent_f2afe	c72feea9	積蓄毀於經濟衰退
lux.lifeevent_add78	33d0b06d	家毀於本可避免的隕石撞擊
lux.lifeevent_7c8ca	0b30fdde	被電線鼠啃咬
lux.lifeevent_51b09	754f6c05	感染本可預防的病毒
lux.lifeevent_63bcc	a523fcb5	被沒消毒的針頭感染
lux.lifeevent_7b6d3	5d12119d	偽造證件找工作
lux.lifeevent_52dd7	c66431fd	得了飲食失調
lux.lifeevent_3437b	57eb498d	買下潘夫球隊
lux.lifeevent_77284	06eba8b0	飲食失調導致硬體故障
lux.lifeevent_90f60	bf2ca422	學會彈貝斯
lux.lifeevent_83e4a	faedfebf	創業失敗
lux.lifeevent_2b282	8286d4cc	因學貸破產
lux.lifeevent_b52cf	4977f33f	被抓到持有偽造證件
lux.lifeevent_79691	4a86ad25	借住好心路人的空房
lux.lifeevent_96bd4	c1ddcd92	獲好心路人贈送衣物
lux.lifeevent_b0be4	5aa52ccb	獲自助餐廳員工送食物
lux.lifeevent_b2e40	ee9045b1	因醜聞被剝奪身價特權
lux.lifeevent_45586	293baf3f	典當自己的器官
lux.lifeevent_1ceb6	30027e97	被自動駕駛公車撞
lux.lifeevent_2ea2a	aeb31056	上班時 Z-Bike 被偷
lux.lifeevent_fa81c	a5fc6611	載高階主管去釣魚度假村
lux.lifeevent_c4451	d69e72e7	獲頒潘夫球獎學金
lux.lifeevent_c6ae6	afce8116	顏面掃地退出潘夫球聯盟
lux.lifeevent_a56db	c5ab4417	掉進球場上的洞
lux.lifeevent_a89e2	7090d342	在潘夫球比賽中受傷
lux.lifeevent_097f4	7c016d24	在潘夫球比賽中重傷
lux.lifeevent_fa850	752b3cbc	被狂熱的潘夫球迷跟回家
lux.lifeevent_29f48	44c2fa30	談成潘夫球週邊商品合約
lux.lifeevent_58520	76bbb64c	潘夫球隊贏得季後賽
lux.lifeevent_9914b	e66c43fe	潘夫球隊輸掉季後賽
lux.lifeevent_b12c5	9dc10c0b	體面地從潘夫球聯盟退休
lux.lifeevent_73694	439e0057	潘夫球訓練很順利
lux.lifeevent_502e7	5375eb8b	因使用增強表現的器官被抓
lux.lifeevent_0b195	7f411e47	裝了增強表現的器官
lux.lifeevent_ffb8a	b39fc36f	獲選拍全像投影機廣告
lux.lifeevent_ae154	c7202d6e	贏得潘夫球卓越獎
lux.lifeevent_d91f7	e207c492	被逐出潘夫球聯盟
lux.lifeevent_76b70	7fbe111f	在演唱會被踩踏
lux.lifeevent_60324	9cfad6f5	被遊民嚇到
lux.lifeevent_7f22d	354baf10	困在裂縫中
lux.lifeevent_b3733	79d6c32b	被野鳥攻擊
lux.lifeevent_03eb4	4d01a637	被失控的流星砸中
lux.lifeevent_779c5	47e6b24c	被捲入懸浮滑雪板爆炸
lux.lifeevent_5aaf0	012987b9	被自己的遊行燒到
lux.lifeevent_9ee77	25af64cb	在逆齡艙中融化
lux.lifeevent_8475c	1c7b799a	帶著惡名死去
lux.lifeevent_6dfcd	39e07b34	在親友圍繞下離世
lux.lifeevent_d688e	338074b8	被扔出窗外
lux.lifeevent_a64c7	79011033	感染「內建」病毒
babyname.Lux_17085	17fa17ab	海珀德萊
babyname.Lux_9f121	e2955e21	馬克西穆
babyname.Lux_20fa1	53eec378	奧特戴克
babyname.Lux_86a2c	e878ac36	海珀洛德
babyname.Lux_b72c7	c18683a0	傑特
babyname.Lux_aae24	493ee2b7	蘇珀馬努
babyname.Lux_432d4	6071e951	斯凱沃茲
babyname.Lux_139f4	05b115bc	希夫特
babyname.Lux_d742c	9e3b747d	斯納夫特
babyname.Lux_7c13b	08bef7ba	赫利巴爾
babyname.Lux_4f3c4	c3498bd5	里澤坦特
babyname.Lux_cf3b4	aff6c178	因普維提
babyname.Lux_497eb	9cb43124	泰奧卡特
babyname.Lux_9abdd	7beb561a	馬瑟博德
babyname.Lux_61f92	7681ceea	法特蘭克
babyname.Lux_2ab37	69734165	波西通
babyname.Lux_31404	f552122a	萊奧福德
babyname.Lux_21255	677258ab	惠勒
babyname.Lux_c4785	861e927b	布斯特
babyname.Lux_5e301	ca678694	普魯塔斯
babyname.Lux_15ea4	a3acf0b9	伊吉
babyname.Lux_7ac12	89f0edb7	齊帕
babyname.Lux_94bb5	d6d8d9fb	斯利卡爾
babyname.Lux_fc112	0abadba2	古戈爾
babyname.Lux_0f928	f4ced3aa	齊爾貝爾
babyname.Lux_e1081	2d25f3c1	普雷賽特
babyname.Lux_6c45d	0b83721c	塔爾
babyname.Lux_fcf96	db112ff5	阿納斯
babyname.Lux_1ab09	820a0869	塔克威爾
babyname.Lux_20725	ce046820	里巴斯塔
babyname.Lux_ba326	565dd7f1	伽瑪洛德
babyname.Lux_bd8b5	4cde0ca4	圖爾巴特
babyname.Lux_7dc92	f7324df1	格拉菲亞
babyname.Lux_63caa	51184b27	馬斯森
babyname.Lux_3267a	6f9aa6ba	提莫-3
babyname.Lux_a0fae	b20386e4	克蘭克
babyname.Lux_27ba2	92cf1697	特威斯特
babyname.Lux_a3ac4	b3425863	博皮特
babyname.Lux_7836c	93835201	迪瑟特
babyname.Lux_d7570	9bf6882b	烏斯比
babyname.Lux_fc74d	0f30a297	里法倫奇
babyname.Lux_00b32	0b000de1	索利斯泰
babyname.Lux_2d3f1	e361123d	雷古萊
babyname.Lux_67f6f	f0bf0614	葉倫
babyname.Lux_315b4	d3c53472	黛綺莉
babyname.Lux_37736	459e3e01	因奎莉
babyname.Lux_21d0a	1a2cce69	香檳
babyname.Lux_2ddfb	7e900170	霍利斯克
babyname.Lux_79b39	0398a04d	斯克拉姆
babyname.Lux_7fc9b	88e356ef	羅姆尼亞
babyname.Lux_99fa1	42a62340	弗洛普
babyname.Lux_67c83	0df9a962	克羅米亞
babyname.Lux_61d95	8cdcd82c	波利特克
babyname.Lux_ae24d	6cbf3c88	Yolo
babyname.Lux_c0536	25444db5	洛克斯托
babyname.Lux_be475	2c817b98	B4-RR-1
babyname.Lux_2646d	ddf5ab78	勒佩蒂
babyname.Lux_c480d	3bc7014d	格拉克斯
rimos.lifeevent_21c98	fea3dde3	被 AI 女友甩了
rimos.lifeevent_3f802	835cf0cd	設立互助站
rimos.lifeevent_bd1bb	922b55bf	修繕公寓
rimos.lifeevent_1bd88	b18255d7	修繕公共水上公路
rimos.lifeevent_f07ce	549ef61c	熱帶風暴中叫外送
rimos.lifeevent_980d6	a93ba842	被浪捲走
rimos.lifeevent_d3468	2c189c9d	和伴侶離婚
rimos.lifeevent_5b844	56811d71	出席地方議會會議
rimos.lifeevent_421df	bb3eaf6d	最愛的餐廳毀於洪水
rimos.lifeevent_fae63	9b6ec501	被趕出酒吧
rimos.lifeevent_6e079	fa9f1c6c	喝到斷片
rimos.lifeevent_33337	b5ce45f4	慶祝帝國新增一顆星球
rimos.lifeevent_d5258	2f1f9cdf	被吸進颶風
rimos.lifeevent_b8e68	caba2b54	在深海展開新生活
rimos.lifeevent_93563	e6300654	學會烘焙
rimos.lifeevent_e8ada	fe03acc6	成功籌辦烤肉
rimos.lifeevent_a3695	a298e749	參加全星球拼布被募集
rimos.lifeevent_ba4bb	62f548a4	獵捕巨獸
rimos.lifeevent_ec0fe	9ef71163	在星際媒體上狂滑壞消息
rimos.lifeevent_3095a	b323c7c9	目睹抗議被暴力制止
rimos.lifeevent_75fcd	9b398ecd	參加遊戲午夜首賣
rimos.lifeevent_4855e	e470a997	和同事吵架
rimos.lifeevent_ba372	0facd152	還清債務
rimos.lifeevent_e8a60	6d5fc33e	辦了新貸款
rimos.lifeevent_c2c42	c9dde4ab	在工作上升職
rimos.lifeevent_f4090	7cdac043	在大眾運輸上小便
rimos.lifeevent_c7a44	480716bc	和鄰居分享糕點
rimos.lifeevent_78a7f	d3e46772	用回收的預製建材蓋房子
rimos.lifeevent_8e4d9	07ff5c52	學會演奏樂器
rimos.lifeevent_2e329	36e69123	買了負擔不起的水上車
rimos.lifeevent_4638c	9dce9a65	捲入水上車意外
rimos.lifeevent_91f8c	372e1022	塞了一整天的車
rimos.lifeevent_48f8b	25629c4f	懷上孩子
rimos.lifeevent_77212	089b553d	被山崩活埋
rimos.lifeevent_10105	6801f167	被海嘯吞沒
rimos.lifeevent_0a0fb	b343ce44	為了錢結婚
rimos.lifeevent_95e90	7cb4f70b	為了不孤單結婚
rimos.lifeevent_63682	aa4d3df7	自殺未遂
rimos.lifeevent_57578	8e04e77b	參觀博物館
rimos.lifeevent_0c547	b1825d23	店裡買不到最愛的食物
rimos.lifeevent_97d77	90aedd6a	參觀美術館
rimos.lifeevent_7a6f8	975c001c	在災難發生前逃走
rimos.lifeevent_3e8a3	4360b4e0	把家人鎖在海嘯避難所外
rimos.lifeevent_d0b78	fd407071	和青梅竹馬結婚
rimos.lifeevent_dc9c5	4c946c12	處理遭感染的水源
rimos.lifeevent_960fb	9afece64	休學一年
rimos.lifeevent_5f0ad	43698044	被海嘯殘骸壓扁
rimos.lifeevent_4ff6d	6762c123	被選為本月最佳員工
rimos.lifeevent_736ed	e838776d	養成喝酒的習慣
rimos.lifeevent_6b64f	a41b613b	教朋友釣魚
rimos.lifeevent_12697	4fa565c4	在施粥站服務
rimos.lifeevent_15df1	1af2761b	清除水上公路的殘骸
rimos.lifeevent_7d94b	5662581f	被赤潮灼傷
rimos.lifeevent_d6852	d61b28b9	心臟病發
rimos.lifeevent_6b767	b2f4260d	救出陷阱裡的提琴足
rimos.lifeevent_01fa8	333ec24f	哀悼家人
rimos.lifeevent_fb701	c8d3e2df	過勞昏倒
rimos.lifeevent_72505	46ce5ba0	氣喘發作倒下
rimos.lifeevent_b1562	5727d966	修復通訊中心
rimos.lifeevent_fc343	b5a9b282	從深海採收食物
rimos.lifeevent_37b7b	1d1cd0c4	被海洋汙染毒害
rimos.lifeevent_c70d1	4f3d6f41	狂追最愛的全像影集
rimos.lifeevent_9c198	be7ea64c	因在校的努力受到表揚
rimos.lifeevent_e2571	fd95c177	換了更好的工作
rimos.lifeevent_84691	b8bc0a47	被超級風暴電到
rimos.lifeevent_22dee	69150677	觀看帝國遊行
rimos.lifeevent_5095f	ca476fbf	慶祝里莫斯帝國建國
rimos.lifeevent_49bbb	34d8c302	泡火山水療
rimos.lifeevent_691b4	80a8e16e	躲過熔融的水流
rimos.lifeevent_026fc	7bfd6e45	修好車輛
rimos.lifeevent_702aa	bc2934fe	被裁員
rimos.lifeevent_a54ba	dde559a0	從倒塌的建築裡救出公民
rimos.lifeevent_8b8a0	567ad13c	因潛在異議被關
rimos.lifeevent_608fd	f04f11df	等待愛國審判
rimos.lifeevent_31161	75481650	愛國審判獲判無罪
rimos.lifeevent_4b4eb	488b105e	在牢裡被捅
rimos.lifeevent_4a02a	0949b4bb	愛國審判後被處決
rimos.lifeevent_117bd	93cbcf7b	為帝國的損失默哀
rimos.lifeevent_56566	84366fb8	檢舉鄰居有潛在異議
rimos.lifeevent_90289	d9bd7a87	家毀於洪水
rimos.lifeevent_68bdc	721218c6	在時髦新餐廳吃得開心
rimos.lifeevent_447d0	e74ed6d3	贏得圖書館閱讀比賽
rimos.lifeevent_ec86d	ed375742	在銀行搶案中受傷
rimos.lifeevent_cbd90	c0164f83	在入室搶劫中受傷
rimos.lifeevent_636b2	5764094e	保險理賠被拒
rimos.lifeevent_18122	f5dd7a04	繼承家產
rimos.lifeevent_b4ab5	1b31ed2d	捐款支持戰事
rimos.lifeevent_d1d73	c4f34c6e	和施暴的伴侶離婚
rimos.lifeevent_5452e	73712682	保險理賠獲准
rimos.lifeevent_40712	2e5dd315	失去肢體
rimos.lifeevent_7540b	3561498e	因離奇意外失明
rimos.lifeevent_1ef2f	087c6e38	慶祝孩子投入戰事
rimos.lifeevent_bc8e3	b2766504	上水中瑜伽課
rimos.lifeevent_71903	14d393ee	加入歷史學會
rimos.lifeevent_fa47e	5ce9ca6e	因外貌被孩子嘲笑
rimos.lifeevent_e811c	0febaf98	贏得在地益智問答賽
rimos.lifeevent_67fc9	2c469bac	在地益智問答賽落敗
rimos.lifeevent_3e73b	2fdb54fb	完成大海溝健行
rimos.lifeevent_8029b	ffe9089a	哀悼帝國領袖之死
rimos.lifeevent_97138	f7830c36	寫了自傳
rimos.lifeevent_fd969	f331db18	到外星狩獵旅行
rimos.lifeevent_56ff0	3f25ebc7	捐款給慈善機構
rimos.lifeevent_50f63	4eab5d6f	買了一打樂透彩券
rimos.lifeevent_ea38f	4ab93871	被趕離名人的家
rimos.lifeevent_f854a	cf26fcf7	被守衛痛打
rimos.lifeevent_d1e58	35432856	被雷射灼傷
rimos.lifeevent_c0c4a	1e0204c6	哀悼在地啤酒廠歇業
rimos.lifeevent_ae921	8d0c9bd3	贏得馬拉松
rimos.lifeevent_236dc	16abef3c	參加旋風單車賽
rimos.lifeevent_5bbd6	0948323e	吃了瀕危物種
rimos.lifeevent_311f4	1f3d09f3	開闢社區菜園
rimos.lifeevent_40274	ea111b5a	研讀軍事史
rimos.lifeevent_61ca1	ab050ea9	健行時迷路
rimos.lifeevent_04cb6	b67c0aeb	參加遊戲節目
rimos.lifeevent_94cfc	cc14ccf4	接受在地新聞採訪
rimos.lifeevent_2f41f	ea3212c6	被餐廳禁止入內
rimos.lifeevent_25fd2	d9555cad	因妨害秩序被捕
rimos.lifeevent_abfb2	1e19b9ca	又把自己灌到睡著
rimos.lifeevent_876ef	7d2ed038	投票選出新議員
rimos.lifeevent_1d0d9	f0bc9f29	翻修辦公室
rimos.lifeevent_b282f	f15a553a	加入馬戲團
rimos.lifeevent_110f9	a343ddff	加入星際醫師公會
rimos.lifeevent_6f98f	7119d96c	分享瀕危動物的請願書
rimos.lifeevent_1f0b1	114dbc9e	遊覽大城市
rimos.lifeevent_cc664	0acbb33d	帶觀光客橫越星球
rimos.lifeevent_5e95d	bbfdcc00	把訪客偷渡到星球上
rimos.lifeevent_18398	7674fff8	教防身術課
rimos.lifeevent_22b3b	f0557ffe	擴充昆蟲收藏
rimos.lifeevent_c93ec	8eb2fb0f	迎接新一波帝國公民
rimos.lifeevent_e51d0	ee8593b7	向帝國領袖乞求原諒
rimos.lifeevent_41fad	6d6ec09b	被獄卒拷打
rimos.lifeevent_9af4f	11c51792	被剝奪食物
rimos.lifeevent_64b14	5315760b	製作炸彈時受傷
rimos.lifeevent_d61db	373465e4	在牢房裡被燒傷
rimos.lifeevent_cfea9	ea05e3ba	取得生物科學學位
rimos.lifeevent_f14b9	6036e2af	對活體受試者做實驗
rimos.lifeevent_8f628	d29ec7b3	因爭議性研究被砍經費
rimos.lifeevent_80be7	ae82cc19	向議會談氣候
rimos.lifeevent_10f38	2d61302d	研究微生物體
rimos.lifeevent_14880	14c9525b	以專家身分加入議會
rimos.lifeevent_5cd90	866722be	把疑似叛徒藏在家裡
rimos.lifeevent_24b97	c108d77c	出版詩集
rimos.lifeevent_3d087	fa920e77	抗議工業排水道擴建
rimos.lifeevent_15989	db2473f5	阻擋帝國施工
rimos.lifeevent_46634	4eafc3b9	在抗議中被捕
rimos.lifeevent_889db	43f98872	被祕密警察強迫失蹤
rimos.lifeevent_b102e	2fb02e24	在集會上燒書
rimos.lifeevent_d54bd	0910e471	向祕密警察檢舉同事
rimos.lifeevent_05b6b	7abd0193	成立熱心公民團
rimos.lifeevent_cd3b1	db06172d	加入熱心公民團
rimos.lifeevent_a9623	81acb4b1	參加帝國集會
rimos.lifeevent_9c44c	5ae58a69	加入公民隊
rimos.lifeevent_2e42a	815cb35e	燒了不忠公民的家
rimos.lifeevent_564f6	41679230	觀賞帝國馬戲團
rimos.lifeevent_bdaf5	c01ac723	向警察出示公民線民徽章
rimos.lifeevent_cd0d6	7131175d	被公民扣留一週
rimos.lifeevent_9abef	365e424c	懸掛帝國旗幟不當
rimos.lifeevent_84b43	1fb0921e	家毀於礦坑裂縫
rimos.lifeevent_418ce	0d8c7676	實驗室被漩渦摧毀
rimos.lifeevent_bad38	4833616d	在渦流中腦震盪
rimos.lifeevent_76c1b	3c5d7662	被酸雨融化
rimos.lifeevent_90263	e6074dbf	掉進天坑
rimos.lifeevent_508c0	cc2ce3ac	無視撤離令
rimos.lifeevent_6338c	4a06762d	地震時被困
rimos.lifeevent_548d7	e30fa082	被礦坑裂縫燒傷
rimos.lifeevent_be3f2	dbc0263b	拿孤兒做實驗
rimos.lifeevent_95816	a575d145	謊報氣候檢測結果
rimos.lifeevent_68164	3f446941	接受赫斯特集團的資助
rimos.lifeevent_bf532	e7bf419a	通勤時被雷射擊中
rimos.lifeevent_ec6c2	10315a6d	被迫去市政廳
rimos.lifeevent_33ce2	961cdc96	被公民隊打到眼睛瘀青
rimos.lifeevent_ca8d4	77c292af	被栽贓入罪
rimos.lifeevent_ad2f8	17038ef8	被警察跟蹤
rimos.lifeevent_44c62	329ab7f7	被熱心公民團起底
rimos.lifeevent_0df0e	99ffe058	因公然冷漠被罰款
rimos.lifeevent_b6e13	6449c8ff	因全像網路貼文被調查
rimos.lifeevent_35425	f2cc5671	被民兵開槍
rimos.lifeevent_26711	3232db75	被禁止星際旅行
rimos.lifeevent_e6ca9	5b5369ab	被拒絕救命治療
rimos.lifeevent_e5990	5878a58b	伴侶被遣送到殖民地
rimos.lifeevent_f28fa	956309ca	存款在資產搜查中被偷走
rimos.lifeevent_36020	fd9dc8bb	被打成帝國異議人士
rimos.lifeevent_c49ae	9a722657	慶祝帝國礦場啟用
rimos.lifeevent_f9ed1	3cb966ef	買了禁書
rimos.lifeevent_0d19e	6f5b0ab6	處方核可被抹除
rimos.lifeevent_57568	bb678956	集體訴訟敗訴
rimos.lifeevent_38f41	92db3daf	因全像網路紀錄被拒租屋
rimos.lifeevent_26cd9	e52f8bf4	睡在街頭
rimos.lifeevent_11dbe	8a4557a2	嫌犯大頭照登上新聞
rimos.lifeevent_beab5	4bb17553	獲准離開星球
rimos.lifeevent_13761	da4231c5	親戚死於礦災
rimos.lifeevent_d5525	641b70fb	寵物被公民隊偷走
rimos.lifeevent_325aa	7ec772d0	向當局檢舉孩子
rimos.lifeevent_dcd97	9e55f963	被熱心公民撲倒
rimos.lifeevent_d0e79	b3a2a5b3	因對帝國冷漠被封帳號
rimos.lifeevent_da7e7	a40a627a	被公民隊盤問
rimos.lifeevent_f767c	fd1c58fb	被警方竊聽器電到
rimos.lifeevent_d9a67	16f84f36	保釋伴侶
rimos.lifeevent_ac607	41c64fe2	獲得帝國補助
rimos.lifeevent_7719c	01ed2415	被迫歇業
rimos.lifeevent_a1fa4	465669ad	參加祕密會議
rimos.lifeevent_c2a87	80302deb	在交通檢查哨中槍
rimos.lifeevent_ad6e4	0f431ef9	在家中遇害
rimos.lifeevent_b1164	c646d02a	被指派新的父母
rimos.lifeevent_5ae8f	d9701704	被列入自殺監控
babyname.Rimos_e7f1e	e99c9668	莎拉
babyname.Rimos_9763a	b83aeed1	潔西卡
babyname.Rimos_993cd	6f192ff2	帕克
babyname.Rimos_f01f0	4917061f	阿曼達
babyname.Rimos_c7073	d9bad7c1	賴瑞
babyname.Rimos_fd4a8	918ccee8	史蒂芬妮
babyname.Rimos_70fb8	9b94c4dc	道格
babyname.Rimos_f519f	4feefe41	瓊安
babyname.Rimos_a50ff	8f9eda01	保利
babyname.Rimos_f1145	807d3563	法蘭克
babyname.Rimos_afd9e	78ddf791	塔哈
babyname.Rimos_41cdb	e60ffad0	傑森
babyname.Rimos_96b57	2309d199	潘妮
babyname.Rimos_f3778	9380b7da	瑞克
babyname.Rimos_3b6fe	39f2ba37	傑伊
babyname.Rimos_652f8	c64ea5b8	雷夫
babyname.Rimos_58a1c	99806ff8	蓋兒
babyname.Rimos_ff6d8	6b12666d	蘿絲瑪麗
babyname.Rimos_d1e64	126f323f	切特
babyname.Rimos_ac3e2	34ad328a	安吉爾
babyname.Rimos_91a6c	94800ca2	賈科莫
babyname.Rimos_cc41b	8dd5db9b	羅賓
babyname.Rimos_3fbf3	8123ad68	蘿拉
babyname.Rimos_978c8	7075ce91	鮑比
babyname.Rimos_2d55e	5d678e75	史坦
babyname.Rimos_26855	b20b0846	達奈
babyname.Rimos_2e53a	2a62a757	溫斯頓
babyname.Rimos_41a29	7cbedc51	蕾蒂西亞
babyname.Rimos_50846	a0c046b5	佛羅倫絲
babyname.Rimos_804f3	9660ac42	梅布爾
babyname.Rimos_d9982	edcf17ef	喬丹
babyname.Rimos_01a40	4c8ca4f4	里莫莎
babyname.Rimos_15f7a	5f5deae0	索普
babyname.Rimos_812ba	24a8cf3c	比爾
babyname.Rimos_2cc26	f1adeab4	溫諾丘
babyname.Rimos_b6910	1b5c3568	佛瑞德
babyname.Rimos_63fce	cf554dce	蘇拉
babyname.Rimos_90816	e8cd6ff9	梅洛迪
babyname.Rimos_952d3	73ac4de6	帕拉克
babyname.Rimos_bf1d7	27e47192	安妮
babyname.Rimos_34f0f	b28e5782	迪潘希
babyname.Rimos_28b41	ab34f59d	拉蒂莎
babyname.Rimos_6aeb5	4b66a94d	克萊米
babyname.Rimos_96af4	7be07582	阿格拉文
babyname.Rimos_73d22	e6d45e04	拉尼特
babyname.Rimos_cf8d5	9889ffc2	烏娜
babyname.Rimos_ad2b2	3c2f813c	薩伊德
babyname.Rimos_532b5	4094e0d5	里莫娜
babyname.Rimos_a7e6b	c0094aa1	莫迪博
babyname.Rimos_1d0c7	d9533192	阿邁德
babyname.Rimos_0aa4c	507aec77	雅斯敏
babyname.Rimos_7ab10	603fe5b5	莉達
babyname.Rimos_fd7a5	6af2b800	阿瓦
babyname.Rimos_fa645	89435bb7	阿瑪拉
babyname.Rimos_80725	0a27abcd	恩佐
babyname.Rimos_9198a	9cd1c87d	加查
babyname.Rimos_b7a9b	9acf228d	湯恩
babyname.Rimos_91c58	3728ab93	格拉思
babyname.Rimos_6e4bc	558b70f3	查莉蒂
wartorn.lifeevent_00a59	c9dde4ab	在工作上升職
wartorn.lifeevent_00bb0	9fdbfd09	多吃了一份口糧
wartorn.lifeevent_03c48	83d863de	學會迴音密碼
wartorn.lifeevent_05d54	e8dacf3f	下令突襲敵方總部
wartorn.lifeevent_06298	3eccb48e	在公共場合唱抗議歌曲
wartorn.lifeevent_064e2	d6f2273e	裝上義肢
wartorn.lifeevent_06bd7	a4beabaf	被坦克輾過
wartorn.lifeevent_0794b	c279265a	誤殺戰友
wartorn.lifeevent_07ef7	b7456c53	為馬拉松訓練
wartorn.lifeevent_080ac	af281a44	經歷毀滅性的戰略失利
wartorn.lifeevent_0a47c	d2663d59	染上賭癮
wartorn.lifeevent_0b77a	29f81e60	戰場晉升
wartorn.lifeevent_0b9fc	548961c6	被任命為星球經紀人
wartorn.lifeevent_0bc7c	c82fa9ee	躲了起來
wartorn.lifeevent_0bdf9	461ddbf9	唸書給孩子聽
wartorn.lifeevent_0c18e	04fc9256	處理文書作業
wartorn.lifeevent_0cd0e	bde275e4	處決家人
wartorn.lifeevent_0fa04	69153a29	深信偏激的陰謀論
wartorn.lifeevent_10c86	2a057ace	成功參與突襲
wartorn.lifeevent_14576	f1377e1a	穿越敵線傳遞訊息
wartorn.lifeevent_15e61	4c04b501	考試作弊
wartorn.lifeevent_1603b	fbedc44e	面對平民死亡
wartorn.lifeevent_170ff	07cd0e49	理毛
wartorn.lifeevent_1760e	68c15e3f	被平民騷擾
wartorn.lifeevent_19e10	2e5dd315	失去肢體
wartorn.lifeevent_19e52	5a35652e	捐款給傷殘退伍軍人
wartorn.lifeevent_1aac2	c677b4e4	退伍
wartorn.lifeevent_1bc14	7ae53fd9	把異議人士送進勞動營
wartorn.lifeevent_1e9e5	3e121593	下令使用化學武器
wartorn.lifeevent_1f60c	f766fb06	揭發祕密探員
wartorn.lifeevent_200ed	f50a4e16	加入社區團體
wartorn.lifeevent_21022	f026d31f	選定轟炸地點
wartorn.lifeevent_22d33	a0b693ed	就讀夜校
wartorn.lifeevent_23482	09540480	逃過倉庫轟炸
wartorn.lifeevent_23ddf	26203603	教孩子開槍
wartorn.lifeevent_24976	4b2168d7	用了奢華的洗髮精
wartorn.lifeevent_25309	3a2b69fa	指揮戰術攻擊
wartorn.lifeevent_2557d	7ee08e56	因軍令錯過紀念日
wartorn.lifeevent_25c0a	11a8dc81	縫補嬰兒軍服
wartorn.lifeevent_281be	7b56f6ac	去當陪審員
wartorn.lifeevent_2930b	a3eb5a56	經歷殘酷的圍城
wartorn.lifeevent_29914	efb11df8	在星空下親吻伴侶
wartorn.lifeevent_2b865	5e8d7d06	去聽演唱會
wartorn.lifeevent_2d1b6	cacb6a72	發放口糧
wartorn.lifeevent_2d6a8	00addfd1	受訓駕駛無人機
wartorn.lifeevent_2de12	5f2f4933	被指為戰犯
wartorn.lifeevent_30135	14fbc90d	被同事背叛
wartorn.lifeevent_3492b	a290b35a	不名譽退伍
wartorn.lifeevent_35a98	925681e8	弄丟最愛的釘書機
wartorn.lifeevent_37a34	08d00ce6	覓食
wartorn.lifeevent_382d7	8f1edaca	朝記者開火
wartorn.lifeevent_38a24	770635de	從樓梯摔下來
wartorn.lifeevent_38b5b	e3118b05	經歷可怕的分手
wartorn.lifeevent_39496	5ce95759	散發反戰小冊子
wartorn.lifeevent_3a0df	0dd0e516	掉進人孔
wartorn.lifeevent_3c3f6	4cb47042	單耳失去聽力
wartorn.lifeevent_3ccac	71ddfaff	因戰爭閃回而僵住
wartorn.lifeevent_3d556	7aa79fda	伴侶病逝
wartorn.lifeevent_3ef75	8e4e5499	失去嗅覺
wartorn.lifeevent_41dc9	e1b91f88	從飛行員訓練結業
wartorn.lifeevent_424de	64876a84	降職為將軍
wartorn.lifeevent_42bb2	f9aca850	完成物理治療
wartorn.lifeevent_448f2	e7f2730b	成為吹哨者
wartorn.lifeevent_44b4a	b01bbcfc	再度被徵召入伍
wartorn.lifeevent_459b5	1140efa6	被貶到前線服役
wartorn.lifeevent_46a14	7cd03044	尋求心理治療
wartorn.lifeevent_476e7	32b296aa	強徵轟炸機
wartorn.lifeevent_47979	6c0e0f24	參加派對
wartorn.lifeevent_47fa3	7289b8be	摧毀住宅區
wartorn.lifeevent_496bf	5d6d7fb0	被困在深紅荒野
wartorn.lifeevent_4accf	37810d29	在近身戰中擊敗對手
wartorn.lifeevent_4c2a2	ee5e6330	下令摧毀叛軍營地
wartorn.lifeevent_4d87d	ce38593f	批准核武攻擊
wartorn.lifeevent_51da4	2851e6a6	玩嬰兒玩具
wartorn.lifeevent_52904	1e95cb09	坐著看星星
wartorn.lifeevent_52c2b	14c89cc2	跟嬰兒玩
wartorn.lifeevent_53a58	d76b4ee4	頒發獎章給退伍軍人
wartorn.lifeevent_540c7	900cea35	血腥足球賽獲勝
wartorn.lifeevent_544d2	19df0c80	憤而辭職
wartorn.lifeevent_54fc4	1c78a145	照顧戰友恢復健康
wartorn.lifeevent_57e5d	5738e0e0	設立通訊前哨站
wartorn.lifeevent_58af5	4bac3a0f	戰爭營結訓
wartorn.lifeevent_59051	2d02ee3b	賣掉戰場採集權
wartorn.lifeevent_59ccb	c62587ad	在自殺任務中倖存
wartorn.lifeevent_59cff	e6c48493	沒通過戰爭營
wartorn.lifeevent_5a587	075815f9	家人死於懸浮車意外
wartorn.lifeevent_5ef70	19b7cf9b	撞毀懸浮車
wartorn.lifeevent_5f8a1	33d56811	血腥足球賽落敗
wartorn.lifeevent_61568	c7331ffb	被異議人士槍擊
wartorn.lifeevent_61700	8b69b78a	在大規模攻擊前賣出股票
wartorn.lifeevent_61980	73f5836c	閃過子彈
wartorn.lifeevent_6218b	4a12f3dd	見了戰友的父母
wartorn.lifeevent_65921	d11c6c5c	玩上膛的槍，平安無事
wartorn.lifeevent_65c81	362fcc37	沒能和孩子建立感情
wartorn.lifeevent_6626b	dc2c8b28	在戰場上失去伴侶
wartorn.lifeevent_663d5	4fcbc69b	試圖槍擊偉大領袖
wartorn.lifeevent_67dd3	f2faed54	暗殺敢言的異議人士
wartorn.lifeevent_693be	544f30b6	洗了很久的澡
wartorn.lifeevent_6aba9	fba88974	加入運動聯盟
wartorn.lifeevent_6c2e7	40eafd53	被殺傷性彈藥擊中
wartorn.lifeevent_6d450	2fac73f5	遭遇低空掃射
wartorn.lifeevent_6ef71	32a05e36	被開除
wartorn.lifeevent_6f3d1	7e4a449c	使用化學武器
wartorn.lifeevent_6fad5	99ed697e	戰場降職
wartorn.lifeevent_70a9c	43b0a442	避難所燒毀
wartorn.lifeevent_71bbf	7bcb4bbe	引發火災
wartorn.lifeevent_71e5c	02de92d5	領養將軍的嬰兒
wartorn.lifeevent_7256e	535f75fe	買了殺傷性彈藥
wartorn.lifeevent_741ee	e9d36d97	尋找育兒伴侶
wartorn.lifeevent_7522c	f04e4b75	困在著火的建築裡
wartorn.lifeevent_76c02	e8314d94	洩漏戰爭機密
wartorn.lifeevent_77ce3	c61d6c28	找到育兒伴侶
wartorn.lifeevent_788e5	f4ea7912	朝人群開火
wartorn.lifeevent_79733	05a9ca68	學會分解突擊步槍
wartorn.lifeevent_7c5a6	fd91be87	吃了長蟲的食物
wartorn.lifeevent_7dd04	07e68364	耳朵被射穿
wartorn.lifeevent_7e1f5	22653ac6	買了戰爭債券
wartorn.lifeevent_7fdc5	48696be4	獲准養育孩子
wartorn.lifeevent_80578	e0d8c025	帶家人撤出攻擊區
wartorn.lifeevent_8215c	0ae59daa	被派駐前線
wartorn.lifeevent_8293f	7fec9fb8	生意談砸
wartorn.lifeevent_8459d	a7791c2d	住院
wartorn.lifeevent_872f9	8fd9261e	在水源下毒
wartorn.lifeevent_880dc	c54c3c32	指揮死亡行軍
wartorn.lifeevent_89c29	44b7cd0b	困在倒塌的建築裡
wartorn.lifeevent_8a972	676e4c42	拆除爆裂物
wartorn.lifeevent_8ba78	6a5744f1	騷擾遊民
wartorn.lifeevent_8bc7c	a48cc50f	睡夢中窒息
wartorn.lifeevent_8e218	ade1a2d7	替指揮官擋子彈
wartorn.lifeevent_8e43b	d0e84dab	懷上孩子
wartorn.lifeevent_9228e	4e669707	被敵對派系起底
wartorn.lifeevent_92313	717cf543	刷廁所
wartorn.lifeevent_92be8	a7a2c77c	接受實驗性手術
wartorn.lifeevent_94f80	41006aad	逮捕異議人士
wartorn.lifeevent_9589a	fa9f1c6c	喝到斷片
wartorn.lifeevent_96f5b	cacb6a72	發放口糧
wartorn.lifeevent_97182	279de984	拋棄中隊
wartorn.lifeevent_97c1c	cafb6c77	癱瘓友軍轟炸機
wartorn.lifeevent_99998	9da1ffb6	讀了偉大領袖的傳記
wartorn.lifeevent_9ac9c	bde43077	暗殺敵方軍官
wartorn.lifeevent_9d04b	0c5ab8c1	有了伴侶
wartorn.lifeevent_9dcf5	b24191ef	找到私藏的糖果
wartorn.lifeevent_9e3e0	9f9112e5	發現祕密探員
wartorn.lifeevent_9e4d8	f5198d12	逃出深紅荒野
wartorn.lifeevent_a2bc4	a5df3bae	和戰友分享希望與夢想
wartorn.lifeevent_a4374	a16985ea	在地形炸彈中倖存
wartorn.lifeevent_a4aa0	edb88aea	對敵方水源下毒
wartorn.lifeevent_a604a	338c05e2	懷上三胞胎
wartorn.lifeevent_a6a10	47c16783	墜機
wartorn.lifeevent_a7354	d7e28c87	被任命為新將軍
wartorn.lifeevent_a834a	403307aa	因身為國家公敵遭處決
wartorn.lifeevent_a8383	911a9d5f	燒毀指揮部
wartorn.lifeevent_a97bd	d63d223b	批准臥底行動
wartorn.lifeevent_ab636	273e60c6	替花園澆水
wartorn.lifeevent_accba	ed01c97a	躲進避難碉堡
wartorn.lifeevent_ad55a	b03b6e38	被歹徒挾為人質
wartorn.lifeevent_af96d	2eb79ad0	聽力進一步喪失
wartorn.lifeevent_b3a6b	99cfad58	忘了伴侶的紀念日
wartorn.lifeevent_b3c6a	1ea49656	伴侶死於深紅荒野
wartorn.lifeevent_b6310	342bb791	在無聊的會議上被抓到打瞌睡
wartorn.lifeevent_b6a2f	477accdd	吃掉最好的朋友
wartorn.lifeevent_b716a	6ddf02a5	成為暗殺目標
wartorn.lifeevent_b72fb	593538a6	安排人質交換
wartorn.lifeevent_b8c40	1dc72e0f	揍了指揮官
wartorn.lifeevent_ba272	ff104934	在關鍵簡報時被抓到睡覺
wartorn.lifeevent_ba2a7	f1055baf	被蟲子嚇出心理創傷
wartorn.lifeevent_bb8e5	83b4b921	取出頸部的追蹤器
wartorn.lifeevent_bbb59	fab5694b	給家人新名字與偽造文件
wartorn.lifeevent_bd1f0	803b13eb	學會開槍
wartorn.lifeevent_bf316	3010ec9e	被戰友刺傷
wartorn.lifeevent_c0403	8ce302d7	躲進農舍避難
wartorn.lifeevent_c0d68	80405171	為退伍軍人發起衣物募集
wartorn.lifeevent_c11a0	bf2d87db	出擊後生還
wartorn.lifeevent_c1fce	e470b28f	學會字母
wartorn.lifeevent_c2ee8	58f1dd0f	在內幕報導中被點名
wartorn.lifeevent_c42a9	da38b207	枕頭下的槍走火
wartorn.lifeevent_c56da	343424d2	拆除爆裂物失敗
wartorn.lifeevent_c9747	7a2e4f9c	被伴侶背叛
wartorn.lifeevent_cb4b1	4f4d9051	獲頒戰爭獎章
wartorn.lifeevent_cbec0	0945d96e	被深紅藤蔓勒頸
wartorn.lifeevent_cc023	fdabd5ee	遵守養生計畫
wartorn.lifeevent_cc88b	33687ef2	贏得飛刀比賽
wartorn.lifeevent_cce97	8983559d	被敵方狙擊手擊中
wartorn.lifeevent_cdaf9	f3e024e8	中風
wartorn.lifeevent_d044a	771d0f42	誤解命令
wartorn.lifeevent_d0c67	5fba168e	被當局強行盤問
wartorn.lifeevent_d4a30	55b6b18d	擊落戰爭飛艇
wartorn.lifeevent_d4c6b	272c4d65	被山崩捲走
wartorn.lifeevent_d56b4	53eaf9cd	成功偷到軍需品
wartorn.lifeevent_d6a07	684b9aad	拍開實彈手榴彈
wartorn.lifeevent_d6b8f	8180fce4	偷軍需品被抓到
wartorn.lifeevent_d983e	363d905a	伴侶死於敵軍突襲
wartorn.lifeevent_e1954	27a5890a	獲准取得高階保密權限
wartorn.lifeevent_e20a6	70ef605f	獲頒戰爭安全獎章
wartorn.lifeevent_e27c2	21109e82	批准封殺異議媒體
wartorn.lifeevent_e315c	e179eb98	重新佈置家裡
wartorn.lifeevent_e4354	0e75b319	加入夢幻潘夫球聯盟
wartorn.lifeevent_e4f04	995a8941	重返戰事
wartorn.lifeevent_e8718	8b1e83d8	經歷糟糕的約會
wartorn.lifeevent_e97cb	4ccfb608	中了銀河樂透
wartorn.lifeevent_e9e2d	8095eb09	誤射自己
wartorn.lifeevent_ea86d	c8181ae5	發現對藤蔓過敏
wartorn.lifeevent_eb4a0	fcf4fb82	促成災難性的貿易協議
wartorn.lifeevent_edae5	c017a802	失去家園
wartorn.lifeevent_ef07f	4827fbbe	選定暗殺目標
wartorn.lifeevent_ef168	5fee33df	同意拿公民做化學實驗
wartorn.lifeevent_efef8	80c2b1d5	迫降故障的飛機
wartorn.lifeevent_f0e69	a3740785	促成星球天然資源交易
wartorn.lifeevent_f16bf	4c7c52d8	被迫接受實驗性手術
wartorn.lifeevent_f2c60	398d50c7	批准空襲平民
wartorn.lifeevent_f2e25	8868227b	被行刑隊槍決
wartorn.lifeevent_f3bc2	d1d4a7d4	誤射自己的孩子
wartorn.lifeevent_f6043	054742b0	潛入敵營
wartorn.lifeevent_f71cd	66c7ad2c	被奉為戰爭英雄
wartorn.lifeevent_f8560	a891341c	批准戰術撤退
wartorn.lifeevent_f9d6b	0cc3141a	促成星球軍火交易
wartorn.lifeevent_fa0e7	05692fb1	在戰場上遭毒氣攻擊
wartorn.lifeevent_fddf7	e01961fc	領養嬰兒
wartorn.lifeevent_fe9df	c1deb555	為家人煮了健康的一餐
wartorn.lifeevent_ff2b3	d5a1c2bf	背叛伴侶
wartorn.lifeevent_a08d8	dd4eaaee	殺了敵軍士兵
wartorn.lifeevent_e32c5	56d468e6	打死敵軍士兵
wartorn.lifeevent_40bf3	8bc06384	繳了敵軍士兵的械
wartorn.lifeevent_264b5	c87d0521	被隔壁一家人煮了
wartorn.lifeevent_b11b5	6027b0e8	被捲入核爆
wartorn.lifeevent_83d38	a46be088	因核子落塵中毒
babyname.GoobleGibby_faf04	aa5e266d	查奇
babyname.GoobleGibby_c9e01	b200cfce	山米
babyname.GoobleGibby_34c37	384df2c2	赫利
babyname.GoobleGibby_71843	5251e572	布莉安娜
babyname.GoobleGibby_dbe79	7ac47491	羅比
babyname.GoobleGibby_1b592	e1bdb579	葛楚德
babyname.GoobleGibby_3ad94	c14c7d55	梅莉莎
babyname.GoobleGibby_ac6f2	6297d7a2	厄莎
babyname.GoobleGibby_cb814	9380b7da	瑞克
babyname.GoobleGibby_1e0f8	99f5743f	李奧
babyname.GoobleGibby_7931a	ec40f5d1	烏姆勞特
babyname.GoobleGibby_40785	c1b35a70	貝普
babyname.GoobleGibby_7b0c3	efd039e0	霍姆斯
babyname.GoobleGibby_3590a	c202d2b1	丹尼
babyname.GoobleGibby_6ef5c	fb6d83de	赫爾加
babyname.GoobleGibby_db186	a9f84ed8	弗勞奇
babyname.GoobleGibby_800c9	6f040bba	梅帕
babyname.GoobleGibby_bfdff	bc817fd9	黛西
babyname.GoobleGibby_17dc6	4cc13b54	賈德
babyname.GoobleGibby_7a69f	ca424a1e	克蘿伊
babyname.GoobleGibby_d6a59	04993c98	克洛弗
babyname.GoobleGibby_95aae	5faace15	芙蘿拉
babyname.GoobleGibby_4a097	8e185df1	迪比
babyname.GoobleGibby_852bd	00d4b6ac	佩洛
babyname.GoobleGibby_7908b	9e323e0b	蒙普腮
babyname.GoobleGibby_a30c5	5b76ea09	齊加貝爾
babyname.GoobleGibby_3410d	7f8f7fe9	泰利芬普
babyname.GoobleGibby_c2025	188c80ef	泰格
babyname.GoobleGibby_1dee2	0e23a810	辛波
babyname.GoobleGibby_085d5	22f9a2cf	登普斯
babyname.GoobleGibby_6c7d7	a16a01bb	魯魯
babyname.GoobleGibby_dd048	29803e94	希默
babyname.GoobleGibby_0f7dd	d1fcbbd7	基特
babyname.GoobleGibby_5afa9	f5d3c3cb	哈米
babyname.GoobleGibby_7c244	4b20649e	根英
babyname.GoobleGibby_eca2c	c353066b	梅梅
babyname.GoobleGibby_4a0e3	031f6a07	葛莉波普
babyname.GoobleGibby_9bd7e	819b178f	巴波
babyname.GoobleGibby_d3b17	958bb240	克拉拉
babyname.GoobleGibby_cda9f	f8b4f0ff	塔格
babyname.GoobleGibby_80fd7	c7f6fbc0	明蒂
babyname.GoobleGibby_a72cf	a3b27d0f	菲格塔
babyname.GoobleGibby_c28dc	c05b5d01	多倫
babyname.GoobleGibby_b3e74	4c1f0c3d	古伯
babyname.GoobleGibby_15f71	97fd7c42	昆恩
babyname.GoobleGibby_0bd9e	bd6936ff	波基
babyname.GoobleGibby_be76e	e9dd1fed	布魯
babyname.GoobleGibby_944af	19c0251e	祖斯梅爾
babyname.GoobleGibby_9355d	4684be45	喬拉
babyname.GoobleGibby_de108	0d320f87	比恩
babyname.GoobleGibby_beaf7	daaa24a2	皮普西
babyname.GoobleGibby_3718e	4cdae0a5	悠悠
babyname.GoobleGibby_30b04	d22e2e2a	提克塔克
babyname.GoobleGibby_fd3a9	a6663270	喬治
babyname.GoobleGibby_6418b	ed61e8a3	比布勒
babyname.GoobleGibby_cae4b	99a18da9	朵拉
babyname.GoobleGibby_e2eba	64706ecb	弗倫普
babyname.GoobleGibby_80c5d	bf5f8800	旺普
babyname.GoobleGibby_c284a	a1dd67c0	湯帕
babyname.GoobleGibby_f4287	26713fc6	薇莉
fuzz.babyname_3b834	384df2c2	赫利
fuzz.babyname_4ce7d	e1bdb579	葛楚德
fuzz.babyname_7736e	9380b7da	瑞克
fuzz.babyname_91ab1	aa5e266d	查奇
fuzz.babyname_b2e7b	6297d7a2	厄莎
fuzz.babyname_b318f	ec40f5d1	烏姆勞特
fuzz.babyname_bcdd8	b200cfce	山米
fuzz.babyname_c3a85	7ac47491	羅比
fuzz.babyname_c3ec9	c1b35a70	貝普
fuzz.babyname_cdd8e	5251e572	布莉安娜
fuzz.babyname_e9f21	c14c7d55	梅莉莎
fuzz.babyname_ffc97	99f5743f	李奧
insect.babyname_1874d	a2b91576	卡德摩斯
insect.babyname_44aab	d45eb599	卡蜜莉亞
insect.babyname_8b8e3	ad606f08	布魯圖斯
planetname_aquatic_690e7	44e8ada5	里莫斯-7
planetname_bougie_76c99	6ba7d977	塞夸盧克斯
planetname_farming_e421e	d0a7ae06	AOR286-4
planetname_classical_0ab34	872acffe	蒙托古典 MXV
planetname_wartorn_7ccd9	f89e0bae	古布吉比
planetname_dancemom_f0688	7efd6bf9	坎托凡提斯
planetname_hell_784f9	7c70b7b6	煉獄軸心
speciesname_fuzz_b37d0	6ddbfd00	毛毛族
speciesname_robot_9b3e2	73d1357f	機器人
speciesname_gel_2576b	be974b8f	凝膠族
speciesname_monster_e85c3	4f2de4df	觸手族
speciesname_rock_58b5d	cb1ef581	火成族
speciesname_pancake_14c1a	c3cf7181	扁翼族
speciesname_insectoid_bc04f	6718d667	昆蟲族
speciesname_grey_26d45	a2fab072	灰人族
speciesname_plant_5d36a	0cd20426	有機族
planetdesc_aquatic_4c920	83c33332	儘管天災頻傳，里莫斯-7 的居民作為日益壯大的森德卡帝國的附庸，仍過著舒適的生活。
planetdesc_bougie_25337	758c4000	在塞夸盧克斯，身價夠高就能取得公民權。在這顆閃耀的星球上，機器人菁英學習、玩樂、併購對手公司，並清除在社會縫隙中滋生的遊民。
planetdesc_farming_0ae13	e0f50f8f	一座赫斯特集團的種子部署平台繞著農業星球 AOR286-4 運行，只要開火一次就能強制改造整顆星球。當地農民正請願要求移除它，但屢屢失敗。
planetdesc_classical_be968	0826032c	來到蒙托古典 MXV 的遊客，能看到一個失落已久的文明的日常生活與傳說栩栩如生地重現；只要買了相應的旅遊套裝行程，還能騎格雷波，甚至參加古老的儀式。
planetdesc_wartorn_2821c	c60d4778	古布吉比的經紀人們提名自己的星球成為戰爭星球，在一半的陸地上維持永不停歇的武裝衝突，以支持外星軍火商、創造摘取器官的機會，並提振當地經濟。
planetdesc_dancemom_d63f4	7ba226a7	全宇宙有數千名家長把孩子送到這顆熱帶島嶼星球——人氣實境秀《不紅毋寧死》的拍攝地——希望自家孩子成為下一個星際巨星。
planetdesc_hell_b2fbc	a4a37359	煉獄軸心有岩漿海洋、摩天大樓般大小的鑽探雷射、足以處決大多數智慧生命的汙染指數，以及一群被囚禁的年輕勞動力，替它開採無盡的寶藏。
player.pixem_a4c80	29b329e4	皮克森
player.holmitmiskie_1eceb	734531a4	霍米特‧米斯基
player.wenbill_45feb	cabb7f3c	溫比爾
player.nuria_b7e59	a93c8acf	努莉亞‧沃爾
player.representativehoddle_612f9	21528d8c	霍德爾議員
player.grobolk_b1863	89f60e29	格羅布‧歐克
player.bhomaximum_fe7c3	9ea07029	博‧麥西姆
player.fulds_1daa3	11642585	福茲
player.wengrave.shup_17f92	5c602350	溫格雷夫‧夏普
player.zipit_ef586	f25fbe88	閉嘴先生
player.avettclime_42215	0f41b9b1	艾維特‧克萊姆
player.terror_9ef34	94cff320	xX_Terror23_Xx
player.grumble_d84e8	6c4b94ef	公民葛藍伯
cutscene.opening_2c2f4	a521c1ff	你好。
cutscene.opening_79671	e514fd4c	我是《星際投資新聞》的德瑞克斯‧比茲利，為您帶來特別報導。
cutscene.opening_64600	a6d5cb3b	3478 年，先知終端機進駐銀河各地。
cutscene.opening_8a8f8	743a6854	它讓大眾能有限地窺見未來的重大事件……也改變了一切。
cutscene.opening_7d2ca	f5b6932c	只要 10 信用點，任何人都能看到一家公司、一場衝突，甚至一個星系的未來走向。
cutscene.opening_3d720	f1634850	醫學因此躍進了數百年。器官交易也穩定下來……
cutscene.opening_d20b5	61dc6510	拜託，大多數人連仗都不打了。
cutscene.opening_de7f8	c0f1dc69	結果它把\n＊他X的＊\n一切都毀了！
cutscene.opening_1f8ad	6b1a7e9f	投資市場崩盤！數兆信用點的價值一夜蒸發！！
cutscene.opening_87d5d	de84a849	如果沒有東西可以投機——投機市場就＊賺不了錢＊。
cutscene.opening_fd556	89200368	所以我們賺＊大錢＊的最後機會——就是嬰兒。
cutscene.opening_ac46d	7e806efa	他們寶貴的生命和無限的潛力，是先知終端機唯一預測不了的東西！
cutscene.opening_54f4a	ab0ec2c9	它們頂多只能模擬！
cutscene.opening_2f1fe	2cc4ead7	所以快買嬰兒股！\n快賣嬰兒股！
cutscene.opening_e7c91	37102790	放空嬰兒！！
cutscene.opening_54dd2	c2c1f747	孩子是我們的未來——我們得趁還來得及，好好利用他們！！！
marketcondition.tradingfrenzy_2338c	6e906224	交易狂熱
marketcondition.general_b1928	435e5153	火山市場
marketcondition.general_f7538	a12acc85	傳染病株
marketcondition.general_a2923	3093c2df	強壯嬰兒
marketcondition.general_ed0a9	e875f9cb	輪流停電
marketcondition.general_7cc1e	53049020	牛市
marketcondition.general_f8e95	9846414e	市場崩盤
marketcondition.name8_72d89	d688920e	時間異常
marketcondition.name9_02bdd	54e12175	極速市場
marketcondition.name10_6d0a7	d5e74218	重力反轉
marketcondition.name_fdd95	5c4a7700	導師計畫
marketcondition.name_ebee1	8575ce5c	賭博鬆綁
marketcondition.name_f9b6f	f0b57178	大賣空
marketcondition.name_de3ba	3c9380c7	多事之秋
marketcondition.name_cadda	b3d59158	介面升級試用
marketcondition.name_486d3	cea17007	道德抗議
marketcondition.name_1689d	e3dcc676	空頭王朝
marketcondition.name_36aba	82a0253f	強制最大量
marketcondition.name_99911	65944757	捨入誤差
marketcondition.name.nightmare.entryfee_27d5b	f7df6b35	我破產了
marketcondition.name.nightmare.consultantDisable_03709	a4ee3669	我是冒牌貨
marketcondition.name.nightmare.interference_6afdf	9535b34a	我看不見
marketcondition.name.nightmare.shortsDisable_3b23f	43458b6e	我動不了
marketcondition.name.nightmare.dayspeed_ea8f8	6d5df632	我沒時間了
marketcondition.name.nightmare.health_7fa22	325ac484	不，求求你，別拿槍
marketcondition.name.nightmare.super_fd7c2	dd6f1b0a	一切都在崩解
marketcondition.desc.tradingfrenzy_cc2ef	75bc6f5d	每張股票的價值是平常的 200%。
marketcondition.desc2_67653	9ca698a9	股價劇烈震盪。市場對所有事件的反應強度是平常的 200%。
marketcondition.desc3_592ec	5622b3eb	所有嬰兒在交易日一開始，健康只有平常的 50%。
marketcondition.desc4_8edb4	eb6d25c0	所有嬰兒在交易日一開始，健康是平常的 150%。
marketcondition.desc5_a2244	34e99df9	入場費半價。交易介面偶爾會被雜訊遮住。
marketcondition.desc6_50648	eddbdc66	股價和入場費是平常的 300%。
marketcondition.desc7_a1407	bc486b6e	股價是平常的 50%。入場費是平常的 200%。
marketcondition.desc8_7e808	85373f5d	市場圖表的速度會隨機變動。入場費是平常的 75%。
marketcondition.desc9_feb4f	9a069868	股價是平常的 300%。市場圖表速度是平常的 200%。
marketcondition.desc10_02900	94555870	入場費半價。市場圖表上下顛倒。
marketcondition.desc_f97d3	0869562f	顧問的抽成是平常的 50%。
marketcondition.desc_ee173	f2f3ac9d	押中的附加賭注，獎金是平常的 200%。
marketcondition.desc_b18a3	1517fe0a	放空價值提高 100%。
marketcondition.desc_71762	491441e9	每個事件都有隨機機率造成傷害。入場費是平常的 50%。
marketcondition.desc_2e7bd	a855f16f	股票庫存上限增加 9。
marketcondition.desc_8b424	0b8ba58f	交易日期間無法放空。
marketcondition.desc_a9f47	30edfd3e	空單的充能與兌現速度是平常的 200%。
marketcondition.desc_df2db	5c9969b6	股價是平常的 200%。買進會一次買到你買得起的最大量。賣出會賣光庫存裡所有的股票。
marketcondition.desc_5ada5	2a5bc23f	股價會四捨五入到最接近的圖表格線。
marketcondition.desc.nightmare.entryfee_bf31d	f2400363	入場費是平常的 300%。
marketcondition.desc.nightmare.consultantDisable_6efd5	f16194fb	顧問費用變成三倍。
marketcondition.desc.nightmare.interference_d6039	c2893bea	交易介面經常被雜訊遮住。
marketcondition.desc.nightmare.shortsDisable_361ab	0b8ba58f	交易日期間無法放空。
marketcondition.desc.nightmare.dayspeed_9747f	67568d84	市場圖表速度是平常的 300%。
marketcondition.desc.nightmare.health_545b0	5622b3eb	所有嬰兒在交易日一開始，健康只有平常的 50%。
marketcondition.desc.nightmare.super_48854	a39c611a	所有負面的市場狀況同時生效。
marketcondition.desc.nightmare.interference_948e7	c2893bea	交易介面經常被雜訊遮住。
loanshark.anjelus_42461	5d9efbfe	「缺錢啊？讓我看看能幫你什麼……」
loanshark.receptionist_249ae	8b09cabb	「歡、歡迎光臨安潔勒斯貸款！」
loanshark.receptionist2_f61c4	e7fbc363	「我們不收還款，因為這樣一來，要是你再回來……我老闆依法就可以殺了你。」
loanshark.title_0f1f1	e3c428c1	安潔勒斯貸款
loanshark.anjelus.accepted_8f559	efd24ddc	「太好了！這次你一定能爬出坑的。」
loanshark.anjelus.rejected_dfb6e	babec7fa	「哈！我欣賞你的自信。回頭見啦，冤大頭。」
loanshark.anjelus.death_b697a	7ac5fe73	「跟你做生意真愉快！」
tutorialtext.starmap.1_7f10b	5da3c014	交易介面接好了，照你要的，顯示嬰兒市場裡最賺錢的星球。對了，我叫喬。
tutorialtext.starmap.2_0c93e	649ea525	選一個你有交易執照的星球，付了入場費就能開始了。
tutorialtext.bookie.1_e9743	0cd7c1ae	現在嬰兒身上掛了各式各樣的金融商品，你可以看到押中大賺的賠率。
tutorialtext.bookie.2_7c3b6	16aa9184	或許可以借助市場的智慧，挑出最值得投資的嬰兒？
tutorialtext.pickbaby.1_4400c	d2e68a64	好，今天市場上有四個嬰兒。你可以從這裡選一個。
tutorialtext.pickbaby.2_5b46e	6f9d9765	現在先挑最可愛的那個，然後按「交易嬰兒」按鈕。
tutorialtext.tradingday.1_5a32e	67759579	這個嬰兒的一生即將從頭到尾模擬一遍。低買，高賣。祝你好運。
tutorialtext.tradingday.2_9e7d2	e89315b0	喔對，記得注意它的健康。要是在這孩子翹辮子前沒把股票賣掉？那筆錢就永遠沒了。
tutorialtext.tradingday.1.new_40d15	dd476b15	這個嬰兒的一生即將從頭到尾模擬一遍。
tutorialtext.tradingday.2.new_9aa2d	2397cad9	嬰兒遇到好事，股價就漲；遇到壞事，股價就跌。低點買進……
tutorialtext.tradingday.3.new_2a2b4	19eaf2e2	……高點賣出。很簡單吧？去賺點錢吧。
tutorialtext.health.1_b7948	0a94870f	有些事件會讓嬰兒受傷，難免的。嬰兒年紀越大就越脆弱。
tutorialtext.health.2_f0103	45846b63	只要嬰兒還有一口氣，這就不會直接影響它的價值。
tutorialtext.health.3_259b1	f8226e5f	不過那孩子一翹辮子？價值馬上歸零。一定要在那之前把股票賣掉。
tutorialtext.tradingreactiongood.1_2dd7e	b96ae62a	第一天就賺錢！不簡單喔。下次大概可以投資得更積極一點，開始賺大錢。
tutorialtext.tradingreactiongood2_3200b	9ee5e0b0	第一天就這麼猛！明天把這些信用點再投資下去，好好把握，嗯？
tutorialtext.tradingreactionbreakeven_8850b	15ef08fa	打平了……不算差，但也不算好。下次也許可以投資得更積極一點——或挑個更好的嬰兒。誰知道呢。
tutorialtext.tradingreactionbad.1_4a12b	ac96550a	嗯……不太順利。不過你已經知道怎麼運作了，我相信你很快就能翻身。
tutorialtext.tradingstakes.1_d4936	d25cc7ad	如果你想下大注，或是信用點多到小打小鬧已經沒意思，可以把倍率加倍。賺點＊真正的＊大錢。
tutorialtext.tradingstakes.1.new_71d78	5f393c09	看看你！賺了點錢，都準備買船了——不過還有一件事……
tutorialtext.tradingstakes.2.new_d36a1	00a18fd7	你不會只想買艘＊小＊船吧？何必屈居第三？
tutorialtext.tradingstakes.3.new_3f679	a9e103db	想賺＊真正的＊信用點，就在這裡把倍率加倍。風險越大，報酬越大！
tutorialtext.tradingstakesbackup.1_f3744	ac398f8f	噓——你的投資是不是有點慢？有點寒酸？
tutorialtext.tradingstakesbackup.2_3e938	e8a186f9	把賭注加大。把倍率加倍。風險更大——但報酬大上好幾倍。
tutorialtext.consultants.1_b9f98	8ff1871f	喔，你也可以僱用顧問，提供市場上嬰兒的更多資訊，代價是分走你一小部分收益。
tutorialtext.consultants.2_5c81a	cf6be062	應該早點跟你說的。
tutorialtext.marketconditions.1_0470e	fa160f7f	你挑了個好時機開始交易！你用的是豪華版介面，所以看得到現在有一大堆星球都有市場狀況。
tutorialtext.marketconditions.2_16163	7de33b02	市場狀況會改變每個星球獨特的節奏，你可以針對它擬定策略。說真的，我還看過有交易員在嬰兒生病時找到賺錢的方法呢！
tutorialtext.shorts.1_d88ee	b75d8a48	這介面最棒的功能——放空。在股價崩跌前放空，價差就進你的口袋。只是記得在價值回升前兌現……
tutorialtext.shorts.1.new_0b0ff	3da38de0	介面最棒的功能剛解鎖了——放空。你的嬰兒價值快要崩了？\n那就該放空那個嬰兒了！
tutorialtext.shorts.2.new_fa420	a7982f44	計時條跑到一半之前，空單會鎖住。解鎖後就可以兌現。如果價值比你開始放空時低，價差就進你的口袋。
tutorialtext.shorts.3.new_937b4	fac39c53	只是記得在嬰兒價值回升前兌現——不然你會賠到脫褲子。
tutorialtext.sidebets.1_fd01f	cef7e774	預測擷取器已經上線了。現在你可以對這些嬰兒下附加賭注，賺更多信用點。
tutorialtext.sidebets.2.new_93f24	dcec8e3e	你可以對任何一個嬰兒下附加賭注——甚至四個一起下。祝你押中啦。
tutorialtext.sidebets.2_08273	284605ba	押在附加賭注上的信用點要等交易日結束才扣，所以……反正現在不用付，放手去押吧。
disclaimer.screen1_3153c	ce90f89a	在這款遊戲裡，你會追蹤外星嬰兒模擬未來的讀數，「看著」他們犯下戰爭罪、沉迷娛樂性藥物、變成食人族、找到真愛、讓心愛的寵物安樂死、收購企業、被拿去做醫學實驗、成為星際巨星、被富人當成獵物取樂、炸毀有毒汙泥管線、自殺、中樂透，以及介於其間的許許多多事情。\n\n你會根據這些事件買進、賣出、放空股票。\n當某個你等著看他垮台好賺錢的嬰兒卻振作起來時，你很可能至少會氣炸一次。\n\n那也沒關係。
disclaimer.screen2_4a6ee	24c3037c	如果遊玩時感到不適，請暫停遊戲，並找你信任的人聊聊。
warning.pretrading.lowfunds_6e7ff	6c40c23c	依法我必須警告你：付完這筆入場費後，你的錢連這個星球的一張股票都買不起。因為你破產了。你自己看著辦吧。
demo.calltoaction _58680	116c67d4	感謝你試玩我們的 Demo！如果你想支持我們這個小團隊，請在 Steam 上把這款遊戲加入願望清單，也務必叫你的朋友去放空嬰兒。\n\n告訴他們的最佳時機，大概是凌晨 1:48，在聊別的話題聊到一半的時候，製造一些他們的大腦已經沒辦法快速回答的問題。傳一張那斯達克的截圖給他們。問他們氣象氣球是不是真的。測試一下他們的理智。\n\n……再次感謝你試玩。
planetbalance.dancemom_8480b	c8eeb6ff	投資價值可能一飛沖天……只要他們離開星球前沒死。建議僱用顧問。
planetbalance.gooblegibby_53231	0d6da94b	投資價值穩定上升，直到遇上一連串突如其來的憾事。
planetbalance.aor_dc54b	4450362b	投資價值高低起伏平穩，交易機會很多。
planetbalance.sequa_6df95	997d470a	投資價值不是暴漲就是暴跌，幾乎沒有中間地帶。
planetbalance.classica_0e5c5	183a2ebb	投資短暫而戲劇化，挑戰社會秩序的嬰兒所到之處災禍不斷。
planetbalance.rimos_c2aac	36081514	投資價值平順地起落。乘著獲利的浪潮前進吧。
planetbalance.infernus_3aa7c	a28c5d54	投資既便宜又極度波動，讓所有交易員都能靠大量交易獲利。
scenariotutorial_1_64172	6bf2a6a3	歡迎來到情境模式！你在這裡扮演自己來交易嬰兒。
scenariotutorial_2_78cbd	a0eaa679	這是你自找的。
scenariotutorial_3_dd582	7630a439	點選一個情境，就能挑戰特製的交易關卡。獎盃拿越多，你的交易等級就越高！
scenariotutorial_4_e9dae	84c6fbda	提升交易等級可以解鎖頭像和頭銜。
scenariotutorial_5_20952	4793d745	按這個按鈕可以切換已解鎖的頭像和頭銜。
scenariotutorial_6_7a10d	4b175252	就這樣。祝你交易順利，老兄。
scenarioname_gauntlet_a5eab	1513bc73	沙盒
scenarioname_fast2	22e37bae	快進快出
scenarioname_quota	56be502b	配額
scenarioname_hometown_e065f	e95ec53b	第二故鄉
scenarioname_redocean_26e65	1290aff2	紅海
scenarioname_sickbabies_30a33	b445d9a7	銀河瘟疫
scenarioname_whiteknuckle_673ee	695a35f7	手心冒汗
scenarioname_straightfundamentals_152e5	593831a9	基本功
scenarioname_sinkingship_2c2f7	9d1076f0	沉船
scenarioname_randomconsultants_b0043	807e1540	隨機顧問
scenariodescription_sandbox_c4433	03190141	你有一個充裕的投資帳戶，還有 15 天的時間，能賺多少信用點就賺多少。證明你自己！
scenariodescription_fast2	7555fc58	你只有三天。能賺多少信用點就賺多少！
scenariodescription_quota	6b896ee0	達不到配額，就不能繼續交易。別被不斷上漲的潮水淹沒。
scenariodescription_hometown_1b401	54494872	整局只能選一個星球交易。摸透你選的社會，賺一筆！
scenariodescription_redocean_13147	425da406	你正被排擠出去。每天都會因為新的交易上限，從你的交易介面隨機移除一批星球。在剩下的縫隙裡賺信用點吧。
scenariodescription_sickbabies_f5609	e29e8204	一場泛銀河疫情正在蔓延。市場不在乎——所以你也不必在乎。
scenariodescription_whiteknuckle_add54	1a9b23dd	沒有顧問。沒有附加賭注。交易日速度快如閃電。油門踩到底，不踩煞車。
scenariodescription_straightfundamentals_e78f9	809dd157	股票庫存超大，交易介面停用附加賭注，靠你自己的雙手賺到可觀的利潤。
scenariodescription_sinkingship_9d21d	5646f033	因為在超血格鬥聯盟做了一些可疑的投資，你每天有 50% 的資金會付諸流水。你的獲利能超過開銷嗎？
scenariodescription_randomconsultants_f95fc	f407376d	一組對的顧問能成就一個交易員……也能毀了他。用你拿到的牌盡力而為吧。
scenariotitle1_c82f8	9fc86c75	真正的德古拉
scenariotitle2_d8236	8de46b89	前 0.1%
scenariotitle3_15284	477f8070	陰謀家
scenariotitle4_0aa2c	4ec875b1	大亨
scenariotitle5_45e73	51e5ff3d	無人能敵
scenariotitle6_90f2c	49c2e7d1	交易員
scenariotitle7_c9f77	35754a7e	創業家
scenariotitle8_8c7e5	482a0984	傳奇
scenariotitle9_891f1	d65e7e02	禿鷹
scenariotitle10_92029	1a07c0c0	學生
scenariotitle11_97b0d	6591a914	紅人
scenariotitle12_ecfc2	81c941d4	經紀人
scenariotitle13_4109d	6d0346b7	顛覆者
scenariotitle14_80874	23154d96	實力派
scenariotitle15_26e94	f838ade2	專業人士
scenariotitle16_c4f70	6ff674ad	人渣
scenariotitle17_c25fc	042152a5	垃圾
scenariotitle18_91284	ac771548	可疑
scenariotitle19_cb5e5	ed35348f	巨擘
scenariotitle20_26147	bc45cd7b	新手
scenariotitle21_18e3e	337acc25	實習生
scenariotitle22_896a8	ff27f77b	鐵拳
scenariotitle23_f5551	f45c9c95	千里眼
scenariotitle24_2afb8	1e56d5c0	無手
scenariotitle25_a1c1d	e931aa32	太多手
scenariotitle26_4f60c	c53bac3f	野性
scenariotitle27_f12ff	54a0d680	天才
scenariotitle28_28c0c	e18940c7	宮廷宰相
scenariotitle29_36aa4	d7f33773	金錢忍者
scenariotitle30_2dc3b	162c5044	財力雄厚
scenariotitle31_833b4	33a76a79	個人最佳
scenariotitle32_2bc6e	5d4aa45a	無可救藥
scenariotitle33_ea915	d4ca597d	放空低手
predictiontext_d3f89	99397267	壽命在 {0} 到 {1} 歲之間
predictiontext_57d0f	10ea2485	最高價在 {0} 到 {1} 之間
predictiontext_8606e	13a7fd51	最低價在 {0} 到 {1} 之間
predictiontext_d07d7	27a27fe0	平均價格在 {0} 到 {1} 之間
predictiontext_8fd65	948134d6	正面事件比例在 {0}% 到 {1}% 之間
predictiontext_f3fe7	cfd66e4f	起始價格在 {0} 到 {1} 之間
predictiontext_03494	b11943ca	最長上漲期為 {0} 到 {1} 年
predictiontext_92499	f4cce10d	最長下跌期為 {0} 到 {1} 年
predictiontext_42790	e3a8bcd3	30 歲時的價值在 {0} 到 {1} 之間
predictiontext_a0255	2212882a	活不到 30 歲
predictiontext_c1ba3	c5f7d85c	確定事件：
predictiontext_50e99	f8cd3c1f	最好的時刻：
predictiontext_936ea	fcdc1d42	最糟的時刻：
predictiontext_ee532	6b224d05	死因：
predictiontext_9f397	8f19ef86	活不到 45 歲
predictiontext_ac4a1	3490e0c9	能活到 45 歲
